,neg,neu,pos,compound,vader,txtblob,retweets,favorites,weighted_compound_0,score_0,weighted_compound_1,score_1,weighted_compound_2,score_2,weighted_compound_3,score_3
0,0.092,0.69,0.218,0.4939,1,0.8,1,1,0.0010069317023445464,0.0020387359836901123,0.4949069317023446,1.0020387359836902,0.0018300983690112131,0.003705402650356779,0.4949069317023446,1.0020387359836902
1,0.0,0.833,0.167,0.4588,1,0.3125,0,0,0.0,0.0,0.4588,1.0,0.0007646666666666666,0.0016666666666666668,0.4588,1.0
2,0.0,1.0,0.0,0.0,0,-0.35,0,0,0.0,0.0,0.0,1.0,0.0,0.0016666666666666668,0.0,1.0
3,0.098,0.671,0.232,0.4939,1,0.8,0,0,0.0,0.0,0.4939,1.0,0.0008231666666666667,0.0016666666666666668,0.4939,1.0
4,0.0,0.853,0.147,0.4767,1,0.0,0,0,0.0,0.0,0.4767,1.0,0.0007945000000000001,0.0016666666666666668,0.4767,1.0
5,0.0,0.759,0.241,0.6956,1,0.39999999999999997,0,3,0.002127217125382263,0.0030581039755351682,0.6977272171253822,1.003058103975535,0.0032865504587155964,0.004724770642201835,0.6977272171253822,1.003058103975535
6,0.092,0.69,0.218,0.4939,1,0.8,0,0,0.0,0.0,0.4939,1.0,0.0008231666666666667,0.0016666666666666668,0.4939,1.0
7,0.147,0.632,0.221,0.1779,1,0.0,0,0,0.0,0.0,0.1779,1.0,0.0002965,0.0016666666666666668,0.1779,1.0
8,0.0,1.0,0.0,0.0,0,0.25,0,0,0.0,0.0,0.0,1.0,0.0,0.0016666666666666668,0.0,1.0
9,0.0,0.813,0.187,0.5574,1,-0.03333333333333333,0,0,0.0,0.0,0.5574,1.0,0.000929,0.0016666666666666668,0.5574,1.0
10,0.0,0.813,0.187,0.5574,1,-0.03333333333333333,0,0,0.0,0.0,0.5574,1.0,0.000929,0.0016666666666666668,0.5574,1.0
11,0.0,0.714,0.286,0.4939,1,0.0,0,0,0.0,0.0,0.4939,1.0,0.0008231666666666667,0.0016666666666666668,0.4939,1.0
12,0.0,0.862,0.138,0.34,1,-0.13333333333333333,1,0,0.0003465851172273191,0.0010193679918450561,0.3403465851172274,1.001019367991845,0.0009132517838939859,0.002686034658511723,0.3403465851172274,1.001019367991845
13,0.0,0.791,0.209,0.4404,1,0.0,0,0,0.0,0.0,0.4404,1.0,0.0007340000000000001,0.0016666666666666668,0.4404,1.0
14,0.0,0.813,0.187,0.5574,1,-0.03333333333333333,0,0,0.0,0.0,0.5574,1.0,0.000929,0.0016666666666666668,0.5574,1.0
15,0.0,0.885,0.115,0.0772,1,0.0,0,0,0.0,0.0,0.0772,1.0,0.00012866666666666669,0.0016666666666666668,0.0772,1.0
16,0.0,1.0,0.0,0.0,0,0.03409090909090909,0,0,0.0,0.0,0.0,1.0,0.0,0.0016666666666666668,0.0,1.0
17,0.082,0.722,0.196,0.4939,1,0.8,0,0,0.0,0.0,0.4939,1.0,0.0008231666666666667,0.0016666666666666668,0.4939,1.0
18,0.0,1.0,0.0,0.0,0,0.0,0,0,0.0,0.0,0.0,1.0,0.0,0.0016666666666666668,0.0,1.0
19,0.0,1.0,0.0,0.0,0,0.0,0,0,0.0,0.0,0.0,1.0,0.0,0.0016666666666666668,0.0,1.0
20,0.0,0.876,0.124,0.4019,1,-0.07777777777777779,0,0,0.0,0.0,0.4019,1.0,0.0006698333333333334,0.0016666666666666668,0.4019,1.0
21,0.0,1.0,0.0,0.0,0,0.0,0,0,0.0,0.0,0.0,1.0,0.0,0.0016666666666666668,0.0,1.0
22,0.0,1.0,0.0,0.0,0,0.25,0,0,0.0,0.0,0.0,1.0,0.0,0.0016666666666666668,0.0,1.0
23,0.0,0.738,0.262,0.4939,1,0.0,0,0,0.0,0.0,0.4939,1.0,0.0008231666666666667,0.0016666666666666668,0.4939,1.0
24,0.0,0.862,0.138,0.34,1,-0.13333333333333333,0,0,0.0,0.0,0.34,1.0,0.0005666666666666667,0.0016666666666666668,0.34,1.0
25,0.0,1.0,0.0,0.0,0,0.0,0,0,0.0,0.0,0.0,1.0,0.0,0.0016666666666666668,0.0,1.0
26,0.078,0.735,0.186,0.4939,1,0.8,0,0,0.0,0.0,0.4939,1.0,0.0008231666666666667,0.0016666666666666668,0.4939,1.0
27,0.0,1.0,0.0,0.0,0,0.0,0,0,0.0,0.0,0.0,1.0,0.0,0.0016666666666666668,0.0,1.0
28,0.0,0.809,0.191,0.1531,1,0.0,0,0,0.0,0.0,0.1531,1.0,0.0002551666666666667,0.0016666666666666668,0.1531,1.0
29,0.0,1.0,0.0,0.0,0,0.0,0,0,0.0,0.0,0.0,1.0,0.0,0.0016666666666666668,0.0,1.0
30,0.0,0.843,0.157,0.4215,1,-0.125,0,0,0.0,0.0,0.4215,1.0,0.0007025,0.0016666666666666668,0.4215,1.0
31,0.0,1.0,0.0,0.0,0,0.0,0,0,0.0,0.0,0.0,1.0,0.0,0.0016666666666666668,0.0,1.0
32,0.0,1.0,0.0,0.0,0,0.04999999999999999,1,1,0.0,0.0020387359836901123,0.0,1.0020387359836902,0.0,0.003705402650356779,0.0,1.0020387359836902
33,0.0,1.0,0.0,0.0,0,0.0,0,0,0.0,0.0,0.0,1.0,0.0,0.0016666666666666668,0.0,1.0
34,0.0,0.738,0.262,0.4939,1,0.0,0,0,0.0,0.0,0.4939,1.0,0.0008231666666666667,0.0016666666666666668,0.4939,1.0
35,0.092,0.69,0.218,0.4939,1,0.8,0,0,0.0,0.0,0.4939,1.0,0.0008231666666666667,0.0016666666666666668,0.4939,1.0
36,0.0,1.0,0.0,0.0,0,0.0,0,0,0.0,0.0,0.0,1.0,0.0,0.0016666666666666668,0.0,1.0
37,0.0,1.0,0.0,0.0,0,0.0,0,8,0.0,0.00815494393476045,0.0,1.0081549439347604,0.0,0.009821610601427116,0.0,1.0081549439347604
38,0.0,0.714,0.286,0.4939,1,0.0,5,2,0.003524260958205912,0.007135575942915392,0.49742426095820597,1.0071355759429155,0.004347427624872579,0.008802242609582058,0.49742426095820597,1.0071355759429155
39,0.0,1.0,0.0,0.0,0,-0.4,0,0,0.0,0.0,0.0,1.0,0.0,0.0016666666666666668,0.0,1.0
40,0.183,0.765,0.052,-0.6486,-1,-0.15000000000000002,0,0,-0.0,0.0,-0.6486,1.0,-0.001081,0.0016666666666666668,-0.6486,1.0
41,0.0,0.902,0.098,0.0772,1,0.0,0,0,0.0,0.0,0.0772,1.0,0.00012866666666666669,0.0016666666666666668,0.0772,1.0
42,0.0,1.0,0.0,0.0,0,0.0,0,0,0.0,0.0,0.0,1.0,0.0,0.0016666666666666668,0.0,1.0
43,0.0,0.802,0.198,0.4939,1,0.5,0,0,0.0,0.0,0.4939,1.0,0.0008231666666666667,0.0016666666666666668,0.4939,1.0
44,0.0,0.827,0.173,0.5574,1,-0.03333333333333333,0,0,0.0,0.0,0.5574,1.0,0.000929,0.0016666666666666668,0.5574,1.0
45,0.0,1.0,0.0,0.0,0,0.0,0,0,0.0,0.0,0.0,1.0,0.0,0.0016666666666666668,0.0,1.0
46,0.0,0.886,0.114,0.2732,1,-0.03333333333333335,0,0,0.0,0.0,0.2732,1.0,0.00045533333333333336,0.0016666666666666668,0.2732,1.0
47,0.0,1.0,0.0,0.0,0,0.0,0,11,0.0,0.011213047910295617,0.0,1.0112130479102956,0.0,0.012879714576962284,0.0,1.0112130479102956
48,0.0,1.0,0.0,0.0,0,0.0,0,0,0.0,0.0,0.0,1.0,0.0,0.0016666666666666668,0.0,1.0
49,0.0,1.0,0.0,0.0,0,0.0,0,0,0.0,0.0,0.0,1.0,0.0,0.0016666666666666668,0.0,1.0
50,0.0,0.876,0.124,0.34,1,-0.13333333333333333,0,0,0.0,0.0,0.34,1.0,0.0005666666666666667,0.0016666666666666668,0.34,1.0
51,0.075,0.748,0.178,0.4939,1,0.4,0,0,0.0,0.0,0.4939,1.0,0.0008231666666666667,0.0016666666666666668,0.4939,1.0
52,0.0,1.0,0.0,0.0,0,0.0,0,1,0.0,0.0010193679918450561,0.0,1.001019367991845,0.0,0.002686034658511723,0.0,1.001019367991845
53,0.0,0.875,0.125,0.4576,1,0.16111111111111112,0,0,0.0,0.0,0.4576,1.0,0.0007626666666666667,0.0016666666666666668,0.4576,1.0
54,0.0,1.0,0.0,0.0,0,0.0,0,0,0.0,0.0,0.0,1.0,0.0,0.0016666666666666668,0.0,1.0
55,0.063,0.787,0.15,0.4939,1,0.8,0,0,0.0,0.0,0.4939,1.0,0.0008231666666666667,0.0016666666666666668,0.4939,1.0
56,0.098,0.671,0.232,0.4939,1,0.8,0,0,0.0,0.0,0.4939,1.0,0.0008231666666666667,0.0016666666666666668,0.4939,1.0
57,0.0,1.0,0.0,0.0,0,-0.3,0,0,0.0,0.0,0.0,1.0,0.0,0.0016666666666666668,0.0,1.0
58,0.0,1.0,0.0,0.0,0,0.0,0,0,0.0,0.0,0.0,1.0,0.0,0.0016666666666666668,0.0,1.0
59,0.0,0.855,0.145,0.296,1,0.0,0,0,0.0,0.0,0.296,1.0,0.0004933333333333334,0.0016666666666666668,0.296,1.0
60,0.0,1.0,0.0,0.0,0,0.16666666666666666,2,1,0.0,0.0030581039755351682,0.0,1.003058103975535,0.0,0.004724770642201835,0.0,1.003058103975535
61,0.0,0.752,0.248,0.6808,1,0.0,0,0,0.0,0.0,0.6808,1.0,0.0011346666666666666,0.0016666666666666668,0.6808,1.0
62,0.0,1.0,0.0,0.0,0,-0.3,0,0,0.0,0.0,0.0,1.0,0.0,0.0016666666666666668,0.0,1.0
63,0.0,0.902,0.098,0.0772,1,0.0,0,0,0.0,0.0,0.0772,1.0,0.00012866666666666669,0.0016666666666666668,0.0772,1.0
64,0.0,1.0,0.0,0.0,0,-0.4,0,0,0.0,0.0,0.0,1.0,0.0,0.0016666666666666668,0.0,1.0
65,0.0,1.0,0.0,0.0,0,0.25,0,0,0.0,0.0,0.0,1.0,0.0,0.0016666666666666668,0.0,1.0
66,0.0,0.826,0.174,0.6114,1,0.3333333333333333,0,0,0.0,0.0,0.6114,1.0,0.0010190000000000002,0.0016666666666666668,0.6114,1.0
67,0.0,1.0,0.0,0.0,0,-0.3,0,0,0.0,0.0,0.0,1.0,0.0,0.0016666666666666668,0.0,1.0
68,0.0,0.833,0.167,0.4939,1,0.0,0,0,0.0,0.0,0.4939,1.0,0.0008231666666666667,0.0016666666666666668,0.4939,1.0
69,0.0,1.0,0.0,0.0,0,-0.4,0,0,0.0,0.0,0.0,1.0,0.0,0.0016666666666666668,0.0,1.0
70,0.0,1.0,0.0,0.0,0,0.0,0,0,0.0,0.0,0.0,1.0,0.0,0.0016666666666666668,0.0,1.0
71,0.0,1.0,0.0,0.0,0,0.16666666666666666,2,20,0.0,0.022426095820591234,0.0,1.0224260958205913,0.0,0.0240927624872579,0.0,1.0224260958205913
72,0.0,1.0,0.0,0.0,0,0.0,0,1,0.0,0.0010193679918450561,0.0,1.001019367991845,0.0,0.002686034658511723,0.0,1.001019367991845
73,0.0,1.0,0.0,0.0,0,0.0,0,0,0.0,0.0,0.0,1.0,0.0,0.0016666666666666668,0.0,1.0
74,0.0,1.0,0.0,0.0,0,0.03409090909090909,0,0,0.0,0.0,0.0,1.0,0.0,0.0016666666666666668,0.0,1.0
75,0.0,1.0,0.0,0.0,0,-0.3,0,0,0.0,0.0,0.0,1.0,0.0,0.0016666666666666668,0.0,1.0
76,0.0,1.0,0.0,0.0,0,0.0,0,0,0.0,0.0,0.0,1.0,0.0,0.0016666666666666668,0.0,1.0
77,0.0,0.902,0.098,0.0772,1,0.0,0,0,0.0,0.0,0.0772,1.0,0.00012866666666666669,0.0016666666666666668,0.0772,1.0
78,0.0,1.0,0.0,0.0,0,0.03409090909090909,4,24,0.0,0.02854230377166157,0.0,1.0285423037716617,0.0,0.030208970438328236,0.0,1.0285423037716617
79,0.098,0.671,0.232,0.4939,1,0.8,0,0,0.0,0.0,0.4939,1.0,0.0008231666666666667,0.0016666666666666668,0.4939,1.0
80,0.0,1.0,0.0,0.0,0,0.1366666666666667,0,7,0.0,0.007135575942915392,0.0,1.0071355759429155,0.0,0.008802242609582058,0.0,1.0071355759429155
81,0.0,0.876,0.124,0.4019,1,-0.125,0,0,0.0,0.0,0.4019,1.0,0.0006698333333333334,0.0016666666666666668,0.4019,1.0
82,0.0,0.818,0.182,0.6114,1,0.3333333333333333,15,41,0.03490152905198777,0.05708460754332314,0.6463015290519878,1.0570846075433231,0.03592052905198777,0.0587512742099898,0.6463015290519878,1.0570846075433231
83,0.0,0.789,0.211,0.4939,1,0.0,0,0,0.0,0.0,0.4939,1.0,0.0008231666666666667,0.0016666666666666668,0.4939,1.0
84,0.098,0.671,0.232,0.4939,1,0.8,0,0,0.0,0.0,0.4939,1.0,0.0008231666666666667,0.0016666666666666668,0.4939,1.0
85,0.0,0.885,0.115,0.296,1,0.0,0,0,0.0,0.0,0.296,1.0,0.0004933333333333334,0.0016666666666666668,0.296,1.0
86,0.0,0.773,0.227,0.5291,1,0.35,0,0,0.0,0.0,0.5291,1.0,0.0008818333333333334,0.0016666666666666668,0.5291,1.0
87,0.219,0.581,0.2,-0.0772,-1,-0.2,0,0,-0.0,0.0,-0.0772,1.0,-0.00012866666666666669,0.0016666666666666668,-0.0772,1.0
88,0.0,1.0,0.0,0.0,0,0.0,0,0,0.0,0.0,0.0,1.0,0.0,0.0016666666666666668,0.0,1.0
89,0.0,0.872,0.128,0.3612,1,0.16818181818181818,0,0,0.0,0.0,0.3612,1.0,0.0006020000000000001,0.0016666666666666668,0.3612,1.0
90,0.0,1.0,0.0,0.0,0,-0.35,0,0,0.0,0.0,0.0,1.0,0.0,0.0016666666666666668,0.0,1.0
91,0.0,0.87,0.13,0.34,1,0.0,0,0,0.0,0.0,0.34,1.0,0.0005666666666666667,0.0016666666666666668,0.34,1.0
92,0.0,0.902,0.098,0.0772,1,0.0,0,0,0.0,0.0,0.0772,1.0,0.00012866666666666669,0.0016666666666666668,0.0772,1.0
93,0.0,1.0,0.0,0.0,0,0.0,0,0,0.0,0.0,0.0,1.0,0.0,0.0016666666666666668,0.0,1.0
94,0.0,1.0,0.0,0.0,0,-0.3,0,0,0.0,0.0,0.0,1.0,0.0,0.0016666666666666668,0.0,1.0
95,0.0,1.0,0.0,0.0,0,0.0,0,0,0.0,0.0,0.0,1.0,0.0,0.0016666666666666668,0.0,1.0
96,0.0,0.888,0.112,0.34,1,-0.13333333333333333,0,0,0.0,0.0,0.34,1.0,0.0005666666666666667,0.0016666666666666668,0.34,1.0
97,0.0,0.714,0.286,0.8225,1,0.5333333333333333,0,0,0.0,0.0,0.8225,1.0,0.0013708333333333335,0.0016666666666666668,0.8225,1.0
98,0.0,0.876,0.124,0.34,1,-0.13333333333333333,0,0,0.0,0.0,0.34,1.0,0.0005666666666666667,0.0016666666666666668,0.34,1.0
99,0.075,0.748,0.178,0.4939,1,0.4,0,0,0.0,0.0,0.4939,1.0,0.0008231666666666667,0.0016666666666666668,0.4939,1.0
100,0.0,1.0,0.0,0.0,0,0.0,0,0,0.0,0.0,0.0,1.0,0.0,0.0016666666666666668,0.0,1.0
101,0.0,1.0,0.0,0.0,0,0.0,0,0,0.0,0.0,0.0,1.0,0.0,0.0016666666666666668,0.0,1.0
102,0.0,1.0,0.0,0.0,0,-0.35,0,0,0.0,0.0,0.0,1.0,0.0,0.0016666666666666668,0.0,1.0
103,0.0,0.844,0.156,0.34,1,0.0,0,0,0.0,0.0,0.34,1.0,0.0005666666666666667,0.0016666666666666668,0.34,1.0
104,0.071,0.759,0.17,0.4939,1,0.8,1,0,0.0005034658511722732,0.0010193679918450561,0.4944034658511723,1.001019367991845,0.00132663251783894,0.002686034658511723,0.4944034658511723,1.001019367991845
105,0.0,0.819,0.181,0.4767,1,0.0,0,0,0.0,0.0,0.4767,1.0,0.0007945000000000001,0.0016666666666666668,0.4767,1.0
106,0.0,0.902,0.098,0.0772,1,0.0,0,0,0.0,0.0,0.0772,1.0,0.00012866666666666669,0.0016666666666666668,0.0772,1.0
107,0.0,0.804,0.196,0.5267,1,-0.05,0,0,0.0,0.0,0.5267,1.0,0.0008778333333333333,0.0016666666666666668,0.5267,1.0
108,0.0,1.0,0.0,0.0,0,0.0,0,0,0.0,0.0,0.0,1.0,0.0,0.0016666666666666668,0.0,1.0
109,0.087,0.707,0.207,0.4939,1,0.8,0,0,0.0,0.0,0.4939,1.0,0.0008231666666666667,0.0016666666666666668,0.4939,1.0
110,0.0,0.826,0.174,0.6114,1,0.3333333333333333,0,0,0.0,0.0,0.6114,1.0,0.0010190000000000002,0.0016666666666666668,0.6114,1.0
111,0.0,1.0,0.0,0.0,0,0.0,0,0,0.0,0.0,0.0,1.0,0.0,0.0016666666666666668,0.0,1.0
112,0.064,0.702,0.234,0.7269,1,0.5,0,2,0.0014819571865443426,0.0020387359836901123,0.7283819571865444,1.0020387359836902,0.0026934571865443427,0.003705402650356779,0.7283819571865444,1.0020387359836902
113,0.0,0.864,0.136,0.296,1,0.0,0,0,0.0,0.0,0.296,1.0,0.0004933333333333334,0.0016666666666666668,0.296,1.0
114,0.0,0.94,0.06,0.2023,1,0.1875,0,0,0.0,0.0,0.2023,1.0,0.0003371666666666667,0.0016666666666666668,0.2023,1.0
115,0.092,0.69,0.218,0.4939,1,0.8,0,0,0.0,0.0,0.4939,1.0,0.0008231666666666667,0.0016666666666666668,0.4939,1.0
116,0.0,0.804,0.196,0.5267,1,-0.05,0,0,0.0,0.0,0.5267,1.0,0.0008778333333333333,0.0016666666666666668,0.5267,1.0
117,0.0,1.0,0.0,0.0,0,0.0,0,0,0.0,0.0,0.0,1.0,0.0,0.0016666666666666668,0.0,1.0
118,0.078,0.735,0.186,0.4939,1,0.8,2,0,0.0010069317023445464,0.0020387359836901123,0.4949069317023446,1.0020387359836902,0.0018300983690112131,0.003705402650356779,0.4949069317023446,1.0020387359836902
119,0.0,1.0,0.0,0.0,0,-0.1,0,0,0.0,0.0,0.0,1.0,0.0,0.0016666666666666668,0.0,1.0
120,0.0,1.0,0.0,0.0,0,0.0,0,0,0.0,0.0,0.0,1.0,0.0,0.0016666666666666668,0.0,1.0
121,0.0,1.0,0.0,0.0,0,0.03409090909090909,0,0,0.0,0.0,0.0,1.0,0.0,0.0016666666666666668,0.0,1.0
122,0.0,0.826,0.174,0.6114,1,0.3333333333333333,0,0,0.0,0.0,0.6114,1.0,0.0010190000000000002,0.0016666666666666668,0.6114,1.0
123,0.0,1.0,0.0,0.0,0,0.0,0,0,0.0,0.0,0.0,1.0,0.0,0.0016666666666666668,0.0,1.0
124,0.0,1.0,0.0,0.0,0,0.0,0,0,0.0,0.0,0.0,1.0,0.0,0.0016666666666666668,0.0,1.0
125,0.0,0.786,0.214,0.5994,1,-0.30000000000000004,0,0,0.0,0.0,0.5994,1.0,0.000999,0.0016666666666666668,0.5994,1.0
126,0.0,1.0,0.0,0.0,0,0.0,0,0,0.0,0.0,0.0,1.0,0.0,0.0016666666666666668,0.0,1.0
127,0.0,0.876,0.124,0.34,1,-0.13333333333333333,0,13,0.004505606523955148,0.013251783893985729,0.3445056065239551,1.0132517838939856,0.005072273190621815,0.014918450560652396,0.3445056065239551,1.0132517838939856
128,0.0,0.758,0.242,0.4939,1,0.0,0,0,0.0,0.0,0.4939,1.0,0.0008231666666666667,0.0016666666666666668,0.4939,1.0
129,0.0,1.0,0.0,0.0,0,0.5,0,0,0.0,0.0,0.0,1.0,0.0,0.0016666666666666668,0.0,1.0
130,0.098,0.671,0.232,0.4939,1,0.8,0,0,0.0,0.0,0.4939,1.0,0.0008231666666666667,0.0016666666666666668,0.4939,1.0
131,0.0,0.902,0.098,0.0772,1,0.0,0,0,0.0,0.0,0.0772,1.0,0.00012866666666666669,0.0016666666666666668,0.0772,1.0
132,0.0,1.0,0.0,0.0,0,0.0,0,0,0.0,0.0,0.0,1.0,0.0,0.0016666666666666668,0.0,1.0
133,0.092,0.69,0.218,0.4939,1,0.8,0,0,0.0,0.0,0.4939,1.0,0.0008231666666666667,0.0016666666666666668,0.4939,1.0
134,0.0,0.726,0.274,0.5994,1,0.2,0,0,0.0,0.0,0.5994,1.0,0.000999,0.0016666666666666668,0.5994,1.0
135,0.0,1.0,0.0,0.0,0,-0.35,0,0,0.0,0.0,0.0,1.0,0.0,0.0016666666666666668,0.0,1.0
136,0.0,0.813,0.187,0.5574,1,-0.03333333333333333,0,0,0.0,0.0,0.5574,1.0,0.000929,0.0016666666666666668,0.5574,1.0
137,0.0,1.0,0.0,0.0,0,0.03409090909090909,0,0,0.0,0.0,0.0,1.0,0.0,0.0016666666666666668,0.0,1.0
138,0.0,0.876,0.124,0.34,1,-0.13333333333333333,0,0,0.0,0.0,0.34,1.0,0.0005666666666666667,0.0016666666666666668,0.34,1.0
139,0.0,0.862,0.138,0.34,1,-0.13333333333333333,0,0,0.0,0.0,0.34,1.0,0.0005666666666666667,0.0016666666666666668,0.34,1.0
140,0.0,1.0,0.0,0.0,0,0.0,0,0,0.0,0.0,0.0,1.0,0.0,0.0016666666666666668,0.0,1.0
141,0.0,1.0,0.0,0.0,0,0.0,3,4,0.0,0.007135575942915392,0.0,1.0071355759429155,0.0,0.008802242609582058,0.0,1.0071355759429155
142,0.0,1.0,0.0,0.0,0,0.0,5,8,0.0,0.013251783893985729,0.0,1.0132517838939856,0.0,0.014918450560652396,0.0,1.0132517838939856
143,0.0,0.886,0.114,0.4019,1,0.0,0,0,0.0,0.0,0.4019,1.0,0.0006698333333333334,0.0016666666666666668,0.4019,1.0
144,0.112,0.888,0.0,-0.34,-1,0.15000000000000002,0,1,-0.0003465851172273191,0.0010193679918450561,-0.3403465851172274,1.001019367991845,-0.0009132517838939859,0.002686034658511723,-0.3403465851172274,1.001019367991845
145,0.0,0.536,0.464,0.6369,1,0.13636363636363635,0,0,0.0,0.0,0.6369,1.0,0.0010615000000000002,0.0016666666666666668,0.6369,1.0
146,0.0,1.0,0.0,0.0,0,-0.3833333333333333,0,0,0.0,0.0,0.0,1.0,0.0,0.0016666666666666668,0.0,1.0
147,0.0,0.902,0.098,0.0772,1,0.0,0,0,0.0,0.0,0.0772,1.0,0.00012866666666666669,0.0016666666666666668,0.0772,1.0
148,0.0,0.847,0.153,0.4019,1,0.5,0,0,0.0,0.0,0.4019,1.0,0.0006698333333333334,0.0016666666666666668,0.4019,1.0
149,0.0,0.827,0.173,0.5574,1,-0.03333333333333333,0,0,0.0,0.0,0.5574,1.0,0.000929,0.0016666666666666668,0.5574,1.0
150,0.0,0.833,0.167,0.4588,1,0.3125,0,0,0.0,0.0,0.4588,1.0,0.0007646666666666666,0.0016666666666666668,0.4588,1.0
151,0.0,0.826,0.174,0.6114,1,0.3333333333333333,0,0,0.0,0.0,0.6114,1.0,0.0010190000000000002,0.0016666666666666668,0.6114,1.0
152,0.082,0.722,0.196,0.4939,1,0.8,0,0,0.0,0.0,0.4939,1.0,0.0008231666666666667,0.0016666666666666668,0.4939,1.0
153,0.0,1.0,0.0,0.0,0,0.0,0,0,0.0,0.0,0.0,1.0,0.0,0.0016666666666666668,0.0,1.0
154,0.0,1.0,0.0,0.0,0,0.25,1,5,0.0,0.0061162079510703364,0.0,1.0061162079510704,0.0,0.007782874617737003,0.0,1.0061162079510704
155,0.0,1.0,0.0,0.0,0,0.0,0,0,0.0,0.0,0.0,1.0,0.0,0.0016666666666666668,0.0,1.0
156,0.0,0.738,0.262,0.4939,1,0.0,0,0,0.0,0.0,0.4939,1.0,0.0008231666666666667,0.0016666666666666668,0.4939,1.0
157,0.0,0.805,0.195,0.5574,1,-0.03333333333333333,0,0,0.0,0.0,0.5574,1.0,0.000929,0.0016666666666666668,0.5574,1.0
158,0.0,1.0,0.0,0.0,0,0.20333333333333334,0,1,0.0,0.0010193679918450561,0.0,1.001019367991845,0.0,0.002686034658511723,0.0,1.001019367991845
159,0.0,1.0,0.0,0.0,0,0.0,0,0,0.0,0.0,0.0,1.0,0.0,0.0016666666666666668,0.0,1.0
160,0.0,1.0,0.0,0.0,0,0.16666666666666666,0,0,0.0,0.0,0.0,1.0,0.0,0.0016666666666666668,0.0,1.0
161,0.0,0.909,0.091,0.296,1,0.25,0,0,0.0,0.0,0.296,1.0,0.0004933333333333334,0.0016666666666666668,0.296,1.0
162,0.0,0.885,0.115,0.296,1,0.0,0,0,0.0,0.0,0.296,1.0,0.0004933333333333334,0.0016666666666666668,0.296,1.0
163,0.0,0.874,0.126,0.0772,1,0.0,0,0,0.0,0.0,0.0772,1.0,0.00012866666666666669,0.0016666666666666668,0.0772,1.0
164,0.0,1.0,0.0,0.0,0,0.03409090909090909,0,0,0.0,0.0,0.0,1.0,0.0,0.0016666666666666668,0.0,1.0
165,0.0,1.0,0.0,0.0,0,0.0,0,0,0.0,0.0,0.0,1.0,0.0,0.0016666666666666668,0.0,1.0
166,0.0,1.0,0.0,0.0,0,0.0,0,0,0.0,0.0,0.0,1.0,0.0,0.0016666666666666668,0.0,1.0
167,0.0,0.876,0.124,0.34,1,-0.13333333333333333,0,0,0.0,0.0,0.34,1.0,0.0005666666666666667,0.0016666666666666668,0.34,1.0
168,0.0,0.876,0.124,0.34,1,-0.13333333333333333,0,0,0.0,0.0,0.34,1.0,0.0005666666666666667,0.0016666666666666668,0.34,1.0
169,0.0,0.714,0.286,0.4939,1,0.0,0,0,0.0,0.0,0.4939,1.0,0.0008231666666666667,0.0016666666666666668,0.4939,1.0
170,0.0,1.0,0.0,0.0,0,0.0,0,0,0.0,0.0,0.0,1.0,0.0,0.0016666666666666668,0.0,1.0
171,0.0,1.0,0.0,0.0,0,0.0,1,2,0.0,0.0030581039755351682,0.0,1.003058103975535,0.0,0.004724770642201835,0.0,1.003058103975535
172,0.0,1.0,0.0,0.0,0,0.0,0,0,0.0,0.0,0.0,1.0,0.0,0.0016666666666666668,0.0,1.0
173,0.0,1.0,0.0,0.0,0,0.0,0,0,0.0,0.0,0.0,1.0,0.0,0.0016666666666666668,0.0,1.0
174,0.0,1.0,0.0,0.0,0,0.3,0,0,0.0,0.0,0.0,1.0,0.0,0.0016666666666666668,0.0,1.0
175,0.0,0.724,0.276,0.6369,1,0.5,0,0,0.0,0.0,0.6369,1.0,0.0010615000000000002,0.0016666666666666668,0.6369,1.0
176,0.098,0.671,0.232,0.4939,1,0.8,0,0,0.0,0.0,0.4939,1.0,0.0008231666666666667,0.0016666666666666668,0.4939,1.0
177,0.061,0.795,0.144,0.4939,1,0.8,0,0,0.0,0.0,0.4939,1.0,0.0008231666666666667,0.0016666666666666668,0.4939,1.0
178,0.0,1.0,0.0,0.0,0,0.03409090909090909,0,0,0.0,0.0,0.0,1.0,0.0,0.0016666666666666668,0.0,1.0
179,0.092,0.69,0.218,0.4939,1,0.8,0,0,0.0,0.0,0.4939,1.0,0.0008231666666666667,0.0016666666666666668,0.4939,1.0
180,0.0,1.0,0.0,0.0,0,-0.3,0,0,0.0,0.0,0.0,1.0,0.0,0.0016666666666666668,0.0,1.0
181,0.0,1.0,0.0,0.0,0,-0.15,0,11,0.0,0.011213047910295617,0.0,1.0112130479102956,0.0,0.012879714576962284,0.0,1.0112130479102956
182,0.0,1.0,0.0,0.0,0,-0.35,0,0,0.0,0.0,0.0,1.0,0.0,0.0016666666666666668,0.0,1.0
183,0.0,0.905,0.095,0.296,1,-0.4,0,0,0.0,0.0,0.296,1.0,0.0004933333333333334,0.0016666666666666668,0.296,1.0
184,0.0,0.625,0.375,0.4588,1,0.0,0,0,0.0,0.0,0.4588,1.0,0.0007646666666666666,0.0016666666666666668,0.4588,1.0
185,0.0,1.0,0.0,0.0,0,0.03409090909090909,8,16,0.0,0.024464831804281346,0.0,1.0244648318042813,0.0,0.026131498470948013,0.0,1.0244648318042813
186,0.0,0.902,0.098,0.0772,1,0.0,0,0,0.0,0.0,0.0772,1.0,0.00012866666666666669,0.0016666666666666668,0.0772,1.0
187,0.0,0.833,0.167,0.296,1,0.0,0,0,0.0,0.0,0.296,1.0,0.0004933333333333334,0.0016666666666666668,0.296,1.0
188,0.0,1.0,0.0,0.0,0,0.0,0,0,0.0,0.0,0.0,1.0,0.0,0.0016666666666666668,0.0,1.0
189,0.098,0.671,0.232,0.4939,1,0.8,2,5,0.003524260958205912,0.007135575942915392,0.49742426095820597,1.0071355759429155,0.004347427624872579,0.008802242609582058,0.49742426095820597,1.0071355759429155
190,0.104,0.649,0.247,0.4939,1,0.8,0,0,0.0,0.0,0.4939,1.0,0.0008231666666666667,0.0016666666666666668,0.4939,1.0
191,0.0,1.0,0.0,0.0,0,0.0,0,0,0.0,0.0,0.0,1.0,0.0,0.0016666666666666668,0.0,1.0
192,0.087,0.707,0.207,0.4939,1,0.8,0,0,0.0,0.0,0.4939,1.0,0.0008231666666666667,0.0016666666666666668,0.4939,1.0
193,0.0,1.0,0.0,0.0,0,0.0,1,1,0.0,0.0020387359836901123,0.0,1.0020387359836902,0.0,0.003705402650356779,0.0,1.0020387359836902
194,0.0,0.738,0.262,0.4939,1,0.0,0,0,0.0,0.0,0.4939,1.0,0.0008231666666666667,0.0016666666666666668,0.4939,1.0
195,0.0,0.862,0.138,0.34,1,-0.13333333333333333,0,0,0.0,0.0,0.34,1.0,0.0005666666666666667,0.0016666666666666668,0.34,1.0
196,0.0,0.833,0.167,0.34,1,-0.1,0,0,0.0,0.0,0.34,1.0,0.0005666666666666667,0.0016666666666666668,0.34,1.0
197,0.0,1.0,0.0,0.0,0,0.0,0,0,0.0,0.0,0.0,1.0,0.0,0.0016666666666666668,0.0,1.0
198,0.0,0.784,0.216,0.296,1,0.0,0,1,0.00030173292558613663,0.0010193679918450561,0.29630173292558615,1.001019367991845,0.0007950662589194699,0.002686034658511723,0.29630173292558615,1.001019367991845
199,0.0,0.902,0.098,0.0772,1,0.0,0,0,0.0,0.0,0.0772,1.0,0.00012866666666666669,0.0016666666666666668,0.0772,1.0
200,0.0,0.752,0.248,0.6808,1,0.0,0,0,0.0,0.0,0.6808,1.0,0.0011346666666666666,0.0016666666666666668,0.6808,1.0
201,0.0,1.0,0.0,0.0,0,0.0,0,0,0.0,0.0,0.0,1.0,0.0,0.0016666666666666668,0.0,1.0
202,0.0,0.833,0.167,0.296,1,0.0,0,0,0.0,0.0,0.296,1.0,0.0004933333333333334,0.0016666666666666668,0.296,1.0
203,0.0,0.838,0.162,0.4767,1,0.15,0,0,0.0,0.0,0.4767,1.0,0.0007945000000000001,0.0016666666666666668,0.4767,1.0
204,0.0,1.0,0.0,0.0,0,0.0,0,0,0.0,0.0,0.0,1.0,0.0,0.0016666666666666668,0.0,1.0
205,0.0,1.0,0.0,0.0,0,0.0,1,2,0.0,0.0030581039755351682,0.0,1.003058103975535,0.0,0.004724770642201835,0.0,1.003058103975535
206,0.0,1.0,0.0,0.0,0,-0.35,0,0,0.0,0.0,0.0,1.0,0.0,0.0016666666666666668,0.0,1.0
207,0.18,0.82,0.0,-0.3875,-1,0.0,0,0,-0.0,0.0,-0.3875,1.0,-0.0006458333333333334,0.0016666666666666668,-0.3875,1.0
208,0.0,1.0,0.0,0.0,0,0.0,0,0,0.0,0.0,0.0,1.0,0.0,0.0016666666666666668,0.0,1.0
209,0.163,0.667,0.17,-0.2023,-1,0.09642857142857142,0,3,-0.0006186544342507645,0.0030581039755351682,-0.20291865443425075,1.003058103975535,-0.0009558211009174312,0.004724770642201835,-0.20291865443425075,1.003058103975535
210,0.0,0.758,0.242,0.4939,1,0.0,0,0,0.0,0.0,0.4939,1.0,0.0008231666666666667,0.0016666666666666668,0.4939,1.0
211,0.183,0.765,0.052,-0.6486,-1,-0.15000000000000002,0,0,-0.0,0.0,-0.6486,1.0,-0.001081,0.0016666666666666668,-0.6486,1.0
212,0.0,0.858,0.142,0.5106,1,0.14444444444444443,0,0,0.0,0.0,0.5106,1.0,0.0008510000000000002,0.0016666666666666668,0.5106,1.0
213,0.0,0.891,0.109,0.4215,1,0.18409090909090908,0,0,0.0,0.0,0.4215,1.0,0.0007025,0.0016666666666666668,0.4215,1.0
214,0.054,0.87,0.076,0.1531,1,0.0,0,0,0.0,0.0,0.1531,1.0,0.0002551666666666667,0.0016666666666666668,0.1531,1.0
215,0.0,0.875,0.125,0.4576,1,0.16111111111111112,0,0,0.0,0.0,0.4576,1.0,0.0007626666666666667,0.0016666666666666668,0.4576,1.0
216,0.0,1.0,0.0,0.0,0,0.0,0,0,0.0,0.0,0.0,1.0,0.0,0.0016666666666666668,0.0,1.0
217,0.0,0.758,0.242,0.4939,1,0.0,0,0,0.0,0.0,0.4939,1.0,0.0008231666666666667,0.0016666666666666668,0.4939,1.0
218,0.157,0.843,0.0,-0.6249,-1,-1.0,0,0,-0.0,0.0,-0.6249,1.0,-0.0010415,0.0016666666666666668,-0.6249,1.0
219,0.0,0.863,0.137,0.4019,1,0.5,1,1,0.0008193679918450561,0.0020387359836901123,0.40271936799184505,1.0020387359836902,0.0014892013251783893,0.003705402650356779,0.40271936799184505,1.0020387359836902
220,0.0,0.827,0.173,0.5574,1,-0.03333333333333333,0,0,0.0,0.0,0.5574,1.0,0.000929,0.0016666666666666668,0.5574,1.0
221,0.0,0.876,0.124,0.34,1,-0.13333333333333333,0,0,0.0,0.0,0.34,1.0,0.0005666666666666667,0.0016666666666666668,0.34,1.0
222,0.0,0.775,0.225,0.4939,1,0.0,0,0,0.0,0.0,0.4939,1.0,0.0008231666666666667,0.0016666666666666668,0.4939,1.0
223,0.104,0.649,0.247,0.4939,1,0.8,0,0,0.0,0.0,0.4939,1.0,0.0008231666666666667,0.0016666666666666668,0.4939,1.0
224,0.104,0.649,0.247,0.4939,1,0.8,0,0,0.0,0.0,0.4939,1.0,0.0008231666666666667,0.0016666666666666668,0.4939,1.0
225,0.098,0.671,0.232,0.4939,1,0.8,0,0,0.0,0.0,0.4939,1.0,0.0008231666666666667,0.0016666666666666668,0.4939,1.0
226,0.0,0.862,0.138,0.34,1,-0.13333333333333333,0,0,0.0,0.0,0.34,1.0,0.0005666666666666667,0.0016666666666666668,0.34,1.0
227,0.0,0.874,0.126,0.0772,1,0.0,0,0,0.0,0.0,0.0772,1.0,0.00012866666666666669,0.0016666666666666668,0.0772,1.0
228,0.0,0.902,0.098,0.0772,1,0.0,0,0,0.0,0.0,0.0772,1.0,0.00012866666666666669,0.0016666666666666668,0.0772,1.0
229,0.0,1.0,0.0,0.0,0,0.0,0,0,0.0,0.0,0.0,1.0,0.0,0.0016666666666666668,0.0,1.0
230,0.0,0.872,0.128,0.296,1,0.0,0,0,0.0,0.0,0.296,1.0,0.0004933333333333334,0.0016666666666666668,0.296,1.0
231,0.0,0.733,0.267,0.6369,1,0.5,4,9,0.008440061162079512,0.013251783893985729,0.6453400611620794,1.0132517838939856,0.009501561162079512,0.014918450560652396,0.6453400611620794,1.0132517838939856
232,0.07,0.93,0.0,-0.128,-1,0.0,0,0,-0.0,0.0,-0.128,1.0,-0.00021333333333333336,0.0016666666666666668,-0.128,1.0
233,0.0,0.679,0.321,0.886,1,0.42000000000000004,0,0,0.0,0.0,0.886,1.0,0.0014766666666666667,0.0016666666666666668,0.886,1.0
234,0.0,0.758,0.242,0.4939,1,0.0,0,0,0.0,0.0,0.4939,1.0,0.0008231666666666667,0.0016666666666666668,0.4939,1.0
235,0.0,0.862,0.138,0.34,1,-0.13333333333333333,0,0,0.0,0.0,0.34,1.0,0.0005666666666666667,0.0016666666666666668,0.34,1.0
236,0.104,0.649,0.247,0.4939,1,0.8,6,37,0.021649031600407747,0.04383282364933741,0.5155490316004078,1.0438328236493375,0.022472198267074413,0.045499490316004074,0.5155490316004078,1.0438328236493375
237,0.0,1.0,0.0,0.0,0,0.0,0,0,0.0,0.0,0.0,1.0,0.0,0.0016666666666666668,0.0,1.0
238,0.0,0.714,0.286,0.4939,1,0.0,2,2,0.002013863404689093,0.004077471967380225,0.49591386340468907,1.0040774719673802,0.0028370300713557598,0.005744138634046892,0.49591386340468907,1.0040774719673802
239,0.0,1.0,0.0,0.0,0,0.0,0,0,0.0,0.0,0.0,1.0,0.0,0.0016666666666666668,0.0,1.0
240,0.0,0.861,0.139,0.4404,1,0.06818181818181818,0,0,0.0,0.0,0.4404,1.0,0.0007340000000000001,0.0016666666666666668,0.4404,1.0
241,0.0,1.0,0.0,0.0,0,0.0,0,0,0.0,0.0,0.0,1.0,0.0,0.0016666666666666668,0.0,1.0
242,0.092,0.69,0.218,0.4939,1,0.8,0,0,0.0,0.0,0.4939,1.0,0.0008231666666666667,0.0016666666666666668,0.4939,1.0
243,0.0,1.0,0.0,0.0,0,0.0,1,1,0.0,0.0020387359836901123,0.0,1.0020387359836902,0.0,0.003705402650356779,0.0,1.0020387359836902
244,0.082,0.722,0.196,0.4939,1,0.8,0,0,0.0,0.0,0.4939,1.0,0.0008231666666666667,0.0016666666666666668,0.4939,1.0
245,0.0,1.0,0.0,0.0,0,-0.3,13,19,0.0,0.0326197757390418,0.0,1.0326197757390418,0.0,0.03428644240570846,0.0,1.0326197757390418
246,0.0,1.0,0.0,0.0,0,0.0,0,0,0.0,0.0,0.0,1.0,0.0,0.0016666666666666668,0.0,1.0
247,0.0,1.0,0.0,0.0,0,0.0,0,0,0.0,0.0,0.0,1.0,0.0,0.0016666666666666668,0.0,1.0
248,0.104,0.649,0.247,0.4939,1,0.8,0,0,0.0,0.0,0.4939,1.0,0.0008231666666666667,0.0016666666666666668,0.4939,1.0
249,0.0,1.0,0.0,0.0,0,0.03409090909090909,0,0,0.0,0.0,0.0,1.0,0.0,0.0016666666666666668,0.0,1.0
250,0.092,0.69,0.218,0.4939,1,0.8,0,0,0.0,0.0,0.4939,1.0,0.0008231666666666667,0.0016666666666666668,0.4939,1.0
251,0.0,1.0,0.0,0.0,0,0.0,2,2,0.0,0.004077471967380225,0.0,1.0040774719673802,0.0,0.005744138634046892,0.0,1.0040774719673802
252,0.0,0.813,0.187,0.5574,1,-0.03333333333333333,0,0,0.0,0.0,0.5574,1.0,0.000929,0.0016666666666666668,0.5574,1.0
253,0.0,0.856,0.144,0.4939,1,0.0,0,0,0.0,0.0,0.4939,1.0,0.0008231666666666667,0.0016666666666666668,0.4939,1.0
254,0.0,0.87,0.13,0.34,1,-0.13333333333333333,0,0,0.0,0.0,0.34,1.0,0.0005666666666666667,0.0016666666666666668,0.34,1.0
255,0.0,1.0,0.0,0.0,0,0.0,0,0,0.0,0.0,0.0,1.0,0.0,0.0016666666666666668,0.0,1.0
256,0.0,0.902,0.098,0.0772,1,0.0,0,0,0.0,0.0,0.0772,1.0,0.00012866666666666669,0.0016666666666666668,0.0772,1.0
257,0.0,0.902,0.098,0.0772,1,0.0,0,0,0.0,0.0,0.0772,1.0,0.00012866666666666669,0.0016666666666666668,0.0772,1.0
258,0.0,1.0,0.0,0.0,0,-0.3,0,0,0.0,0.0,0.0,1.0,0.0,0.0016666666666666668,0.0,1.0
259,0.082,0.722,0.196,0.4939,1,0.8,0,0,0.0,0.0,0.4939,1.0,0.0008231666666666667,0.0016666666666666668,0.4939,1.0
260,0.0,0.813,0.187,0.5574,1,-0.03333333333333333,0,0,0.0,0.0,0.5574,1.0,0.000929,0.0016666666666666668,0.5574,1.0
261,0.0,0.875,0.125,0.4576,1,0.16111111111111112,0,0,0.0,0.0,0.4576,1.0,0.0007626666666666667,0.0016666666666666668,0.4576,1.0
262,0.0,1.0,0.0,0.0,0,0.03409090909090909,0,0,0.0,0.0,0.0,1.0,0.0,0.0016666666666666668,0.0,1.0
263,0.092,0.69,0.218,0.4939,1,0.8,0,0,0.0,0.0,0.4939,1.0,0.0008231666666666667,0.0016666666666666668,0.4939,1.0
264,0.0,0.876,0.124,0.34,1,-0.13333333333333333,0,0,0.0,0.0,0.34,1.0,0.0005666666666666667,0.0016666666666666668,0.34,1.0
265,0.0,1.0,0.0,0.0,0,0.0,0,0,0.0,0.0,0.0,1.0,0.0,0.0016666666666666668,0.0,1.0
266,0.0,1.0,0.0,0.0,0,-0.05,0,0,0.0,0.0,0.0,1.0,0.0,0.0016666666666666668,0.0,1.0
267,0.066,0.736,0.198,0.631,1,0.275,0,0,0.0,0.0,0.631,1.0,0.0010516666666666667,0.0016666666666666668,0.631,1.0
268,0.104,0.649,0.247,0.4939,1,0.8,0,0,0.0,0.0,0.4939,1.0,0.0008231666666666667,0.0016666666666666668,0.4939,1.0
269,0.0,1.0,0.0,0.0,0,0.0,0,0,0.0,0.0,0.0,1.0,0.0,0.0016666666666666668,0.0,1.0
270,0.0,1.0,0.0,0.0,0,0.0,0,10,0.0,0.010193679918450561,0.0,1.0101936799184505,0.0,0.011860346585117228,0.0,1.0101936799184505
271,0.0,1.0,0.0,0.0,0,0.03409090909090909,0,0,0.0,0.0,0.0,1.0,0.0,0.0016666666666666668,0.0,1.0
272,0.0,1.0,0.0,0.0,0,0.0,0,0,0.0,0.0,0.0,1.0,0.0,0.0016666666666666668,0.0,1.0
273,0.0,0.909,0.091,0.296,1,0.13636363636363635,0,5,0.001508664627930683,0.0050968399592252805,0.2975086646279307,1.0050968399592253,0.0020019979612640165,0.0067635066258919475,0.2975086646279307,1.0050968399592253
274,0.078,0.735,0.186,0.4939,1,0.65,0,0,0.0,0.0,0.4939,1.0,0.0008231666666666667,0.0016666666666666668,0.4939,1.0
275,0.0,1.0,0.0,0.0,0,0.0,0,0,0.0,0.0,0.0,1.0,0.0,0.0016666666666666668,0.0,1.0
276,0.0,0.833,0.167,0.296,1,0.0,0,0,0.0,0.0,0.296,1.0,0.0004933333333333334,0.0016666666666666668,0.296,1.0
277,0.277,0.581,0.142,-0.2732,-1,-0.5666666666666667,0,19,-0.005291335372069317,0.019367991845056064,-0.27849133537206927,1.019367991845056,-0.00574666870540265,0.02103465851172273,-0.27849133537206927,1.019367991845056
278,0.0,0.885,0.115,0.0772,1,0.0,1,1,0.00015739041794087669,0.0020387359836901123,0.07735739041794089,1.0020387359836902,0.00028605708460754335,0.003705402650356779,0.07735739041794089,1.0020387359836902
279,0.0,0.758,0.242,0.4939,1,0.0,0,0,0.0,0.0,0.4939,1.0,0.0008231666666666667,0.0016666666666666668,0.4939,1.0
280,0.0,1.0,0.0,0.0,0,-0.35,0,0,0.0,0.0,0.0,1.0,0.0,0.0016666666666666668,0.0,1.0
281,0.0,0.862,0.138,0.34,1,-0.13333333333333333,0,0,0.0,0.0,0.34,1.0,0.0005666666666666667,0.0016666666666666668,0.34,1.0
282,0.0,0.875,0.125,0.4576,1,0.16111111111111112,0,0,0.0,0.0,0.4576,1.0,0.0007626666666666667,0.0016666666666666668,0.4576,1.0
283,0.183,0.765,0.052,-0.6486,-1,-0.15000000000000002,0,0,-0.0,0.0,-0.6486,1.0,-0.001081,0.0016666666666666668,-0.6486,1.0
284,0.0,1.0,0.0,0.0,0,0.0,0,0,0.0,0.0,0.0,1.0,0.0,0.0016666666666666668,0.0,1.0
285,0.0,0.875,0.125,0.4576,1,0.16111111111111112,0,0,0.0,0.0,0.4576,1.0,0.0007626666666666667,0.0016666666666666668,0.4576,1.0
286,0.104,0.649,0.247,0.4939,1,0.8,0,1,0.0005034658511722732,0.0010193679918450561,0.4944034658511723,1.001019367991845,0.00132663251783894,0.002686034658511723,0.4944034658511723,1.001019367991845
287,0.082,0.722,0.196,0.4939,1,0.8,0,0,0.0,0.0,0.4939,1.0,0.0008231666666666667,0.0016666666666666668,0.4939,1.0
288,0.0,0.882,0.118,0.4939,1,0.5,0,1,0.0005034658511722732,0.0010193679918450561,0.4944034658511723,1.001019367991845,0.00132663251783894,0.002686034658511723,0.4944034658511723,1.001019367991845
289,0.0,0.87,0.13,0.34,1,-0.13333333333333333,0,0,0.0,0.0,0.34,1.0,0.0005666666666666667,0.0016666666666666668,0.34,1.0
290,0.0,0.855,0.145,0.296,1,0.0,0,0,0.0,0.0,0.296,1.0,0.0004933333333333334,0.0016666666666666668,0.296,1.0
291,0.066,0.779,0.156,0.4939,1,0.4,0,0,0.0,0.0,0.4939,1.0,0.0008231666666666667,0.0016666666666666668,0.4939,1.0
292,0.0,1.0,0.0,0.0,0,0.0625,0,0,0.0,0.0,0.0,1.0,0.0,0.0016666666666666668,0.0,1.0
293,0.09,0.685,0.224,0.4818,1,0.0,0,4,0.001964525993883792,0.004077471967380225,0.48376452599388375,1.0040774719673802,0.0027675259938837924,0.005744138634046892,0.48376452599388375,1.0040774719673802
294,0.0,0.738,0.262,0.4939,1,0.0,0,0,0.0,0.0,0.4939,1.0,0.0008231666666666667,0.0016666666666666668,0.4939,1.0
295,0.0,1.0,0.0,0.0,0,0.0,0,0,0.0,0.0,0.0,1.0,0.0,0.0016666666666666668,0.0,1.0
296,0.0,0.826,0.174,0.6114,1,0.3333333333333333,0,0,0.0,0.0,0.6114,1.0,0.0010190000000000002,0.0016666666666666668,0.6114,1.0
297,0.0,0.862,0.138,0.34,1,-0.13333333333333333,0,0,0.0,0.0,0.34,1.0,0.0005666666666666667,0.0016666666666666668,0.34,1.0
298,0.0,0.845,0.155,0.296,1,0.075,0,0,0.0,0.0,0.296,1.0,0.0004933333333333334,0.0016666666666666668,0.296,1.0
299,0.0,1.0,0.0,0.0,0,0.033333333333333326,0,2,0.0,0.0020387359836901123,0.0,1.0020387359836902,0.0,0.003705402650356779,0.0,1.0020387359836902
300,0.0,0.833,0.167,0.296,1,0.0,1,0,0.00030173292558613663,0.0010193679918450561,0.29630173292558615,1.001019367991845,0.0007950662589194699,0.002686034658511723,0.29630173292558615,1.001019367991845
301,0.0,1.0,0.0,0.0,0,0.0,0,0,0.0,0.0,0.0,1.0,0.0,0.0016666666666666668,0.0,1.0
302,0.0,0.886,0.114,0.4019,1,0.0,0,0,0.0,0.0,0.4019,1.0,0.0006698333333333334,0.0016666666666666668,0.4019,1.0
303,0.0,1.0,0.0,0.0,0,-0.3,0,0,0.0,0.0,0.0,1.0,0.0,0.0016666666666666668,0.0,1.0
304,0.0,0.862,0.138,0.34,1,-0.13333333333333333,0,0,0.0,0.0,0.34,1.0,0.0005666666666666667,0.0016666666666666668,0.34,1.0
305,0.0,1.0,0.0,0.0,0,0.0,0,0,0.0,0.0,0.0,1.0,0.0,0.0016666666666666668,0.0,1.0
306,0.0,0.714,0.286,0.4939,1,0.0,3,2,0.002517329255861366,0.0050968399592252805,0.49641732925586135,1.0050968399592253,0.003340495922528033,0.0067635066258919475,0.49641732925586135,1.0050968399592253
307,0.0,0.885,0.115,0.0772,1,0.0,14,30,0.003462589194699287,0.04485219164118247,0.08066258919469928,1.0448521916411824,0.003591255861365953,0.04651885830784913,0.08066258919469928,1.0448521916411824
308,0.0,0.757,0.243,0.7264,1,0.21666666666666667,1,4,0.003702344546381244,0.0050968399592252805,0.7301023445463812,1.0050968399592253,0.004913011213047911,0.0067635066258919475,0.7301023445463812,1.0050968399592253
309,0.0,1.0,0.0,0.0,0,-0.13181818181818183,0,2,0.0,0.0020387359836901123,0.0,1.0020387359836902,0.0,0.003705402650356779,0.0,1.0020387359836902
310,0.0,0.738,0.262,0.4939,1,0.0,0,0,0.0,0.0,0.4939,1.0,0.0008231666666666667,0.0016666666666666668,0.4939,1.0
311,0.0,1.0,0.0,0.0,0,0.0,0,0,0.0,0.0,0.0,1.0,0.0,0.0016666666666666668,0.0,1.0
312,0.0,0.758,0.242,0.4939,1,0.0,0,0,0.0,0.0,0.4939,1.0,0.0008231666666666667,0.0016666666666666668,0.4939,1.0
313,0.0,0.898,0.102,0.1779,1,0.5,1,1,0.00036269113149847097,0.0020387359836901123,0.17826269113149848,1.0020387359836902,0.000659191131498471,0.003705402650356779,0.17826269113149848,1.0020387359836902
314,0.07,0.93,0.0,-0.128,-1,0.0,0,0,-0.0,0.0,-0.128,1.0,-0.00021333333333333336,0.0016666666666666668,-0.128,1.0
315,0.0,1.0,0.0,0.0,0,0.2,1,0,0.0,0.0010193679918450561,0.0,1.001019367991845,0.0,0.002686034658511723,0.0,1.001019367991845
316,0.178,0.822,0.0,-0.5367,-1,-0.2625,0,24,-0.013130275229357797,0.024464831804281346,-0.5498302752293577,1.0244648318042813,-0.014024775229357798,0.026131498470948013,-0.5498302752293577,1.0244648318042813
317,0.066,0.779,0.156,0.4939,1,0.8,0,2,0.0010069317023445464,0.0020387359836901123,0.4949069317023446,1.0020387359836902,0.0018300983690112131,0.003705402650356779,0.4949069317023446,1.0020387359836902
318,0.0,0.738,0.262,0.4939,1,0.0,0,0,0.0,0.0,0.4939,1.0,0.0008231666666666667,0.0016666666666666668,0.4939,1.0
319,0.092,0.69,0.218,0.4939,1,0.8,0,0,0.0,0.0,0.4939,1.0,0.0008231666666666667,0.0016666666666666668,0.4939,1.0
320,0.0,1.0,0.0,0.0,0,-0.3,0,0,0.0,0.0,0.0,1.0,0.0,0.0016666666666666668,0.0,1.0
321,0.0,0.813,0.187,0.5574,1,-0.03333333333333333,0,0,0.0,0.0,0.5574,1.0,0.000929,0.0016666666666666668,0.5574,1.0
322,0.0,0.813,0.187,0.5574,1,-0.03333333333333333,0,0,0.0,0.0,0.5574,1.0,0.000929,0.0016666666666666668,0.5574,1.0
323,0.0,1.0,0.0,0.0,0,0.0,0,0,0.0,0.0,0.0,1.0,0.0,0.0016666666666666668,0.0,1.0
324,0.0,0.738,0.262,0.4939,1,0.0,0,0,0.0,0.0,0.4939,1.0,0.0008231666666666667,0.0016666666666666668,0.4939,1.0
325,0.0,0.862,0.138,0.34,1,-0.13333333333333333,0,0,0.0,0.0,0.34,1.0,0.0005666666666666667,0.0016666666666666668,0.34,1.0
326,0.0,1.0,0.0,0.0,0,0.0,0,2,0.0,0.0020387359836901123,0.0,1.0020387359836902,0.0,0.003705402650356779,0.0,1.0020387359836902
327,0.0,0.862,0.138,0.34,1,-0.13333333333333333,0,0,0.0,0.0,0.34,1.0,0.0005666666666666667,0.0016666666666666668,0.34,1.0
328,0.071,0.759,0.17,0.4939,1,0.8,2,2,0.002013863404689093,0.004077471967380225,0.49591386340468907,1.0040774719673802,0.0028370300713557598,0.005744138634046892,0.49591386340468907,1.0040774719673802
329,0.0,1.0,0.0,0.0,0,0.0,0,0,0.0,0.0,0.0,1.0,0.0,0.0016666666666666668,0.0,1.0
330,0.0,1.0,0.0,0.0,0,-0.4,0,0,0.0,0.0,0.0,1.0,0.0,0.0016666666666666668,0.0,1.0
331,0.0,1.0,0.0,0.0,0,0.0,0,0,0.0,0.0,0.0,1.0,0.0,0.0016666666666666668,0.0,1.0
332,0.0,1.0,0.0,0.0,0,0.375,0,1,0.0,0.0010193679918450561,0.0,1.001019367991845,0.0,0.002686034658511723,0.0,1.001019367991845
333,0.0,1.0,0.0,0.0,0,0.0,0,0,0.0,0.0,0.0,1.0,0.0,0.0016666666666666668,0.0,1.0
334,0.0,0.714,0.286,0.4939,1,0.0,0,0,0.0,0.0,0.4939,1.0,0.0008231666666666667,0.0016666666666666668,0.4939,1.0
335,0.0,0.807,0.193,0.584,1,0.425,0,0,0.0,0.0,0.584,1.0,0.0009733333333333333,0.0016666666666666668,0.584,1.0
336,0.0,0.876,0.124,0.34,1,-0.13333333333333333,0,0,0.0,0.0,0.34,1.0,0.0005666666666666667,0.0016666666666666668,0.34,1.0
337,0.0,1.0,0.0,0.0,0,-0.4,0,0,0.0,0.0,0.0,1.0,0.0,0.0016666666666666668,0.0,1.0
338,0.0,0.872,0.128,0.296,1,0.0,2,2,0.0012069317023445465,0.004077471967380225,0.2972069317023445,1.0040774719673802,0.0017002650356778798,0.005744138634046892,0.2972069317023445,1.0040774719673802
339,0.0,0.876,0.124,0.34,1,-0.13333333333333333,0,0,0.0,0.0,0.34,1.0,0.0005666666666666667,0.0016666666666666668,0.34,1.0
340,0.0,0.758,0.242,0.4939,1,0.0,0,0,0.0,0.0,0.4939,1.0,0.0008231666666666667,0.0016666666666666668,0.4939,1.0
341,0.0,0.845,0.155,0.296,1,0.0,0,0,0.0,0.0,0.296,1.0,0.0004933333333333334,0.0016666666666666668,0.296,1.0
342,0.0,1.0,0.0,0.0,0,0.0,0,0,0.0,0.0,0.0,1.0,0.0,0.0016666666666666668,0.0,1.0
343,0.092,0.69,0.218,0.4939,1,0.8,0,0,0.0,0.0,0.4939,1.0,0.0008231666666666667,0.0016666666666666668,0.4939,1.0
344,0.0,0.876,0.124,0.4019,1,-0.07777777777777779,0,0,0.0,0.0,0.4019,1.0,0.0006698333333333334,0.0016666666666666668,0.4019,1.0
345,0.228,0.772,0.0,-0.5859,-1,0.2,2,8,-0.005972477064220183,0.010193679918450561,-0.5918724770642202,1.0101936799184505,-0.006948977064220183,0.011860346585117228,-0.5918724770642202,1.0101936799184505
346,0.0,1.0,0.0,0.0,0,0.0,0,0,0.0,0.0,0.0,1.0,0.0,0.0016666666666666668,0.0,1.0
347,0.0,1.0,0.0,0.0,0,0.0,0,0,0.0,0.0,0.0,1.0,0.0,0.0016666666666666668,0.0,1.0
348,0.0,0.792,0.208,0.6369,1,0.5,0,1,0.0006492354740061163,0.0010193679918450561,0.6375492354740062,1.001019367991845,0.0017107354740061164,0.002686034658511723,0.6375492354740062,1.001019367991845
349,0.0,0.87,0.13,0.34,1,-0.1,0,0,0.0,0.0,0.34,1.0,0.0005666666666666667,0.0016666666666666668,0.34,1.0
350,0.0,0.915,0.085,0.34,1,0.0,0,0,0.0,0.0,0.34,1.0,0.0005666666666666667,0.0016666666666666668,0.34,1.0
351,0.0,1.0,0.0,0.0,0,0.0,2,3,0.0,0.0050968399592252805,0.0,1.0050968399592253,0.0,0.0067635066258919475,0.0,1.0050968399592253
352,0.0,1.0,0.0,0.0,0,-0.3,0,1,0.0,0.0010193679918450561,0.0,1.001019367991845,0.0,0.002686034658511723,0.0,1.001019367991845
353,0.0,1.0,0.0,0.0,0,0.0,0,0,0.0,0.0,0.0,1.0,0.0,0.0016666666666666668,0.0,1.0
354,0.0,0.872,0.128,0.296,1,0.0,0,0,0.0,0.0,0.296,1.0,0.0004933333333333334,0.0016666666666666668,0.296,1.0
355,0.0,0.862,0.138,0.34,1,-0.13333333333333333,0,0,0.0,0.0,0.34,1.0,0.0005666666666666667,0.0016666666666666668,0.34,1.0
356,0.087,0.707,0.207,0.4939,1,0.8,0,0,0.0,0.0,0.4939,1.0,0.0008231666666666667,0.0016666666666666668,0.4939,1.0
357,0.0,1.0,0.0,0.0,0,0.03409090909090909,0,0,0.0,0.0,0.0,1.0,0.0,0.0016666666666666668,0.0,1.0
358,0.092,0.69,0.218,0.4939,1,0.8,0,1,0.0005034658511722732,0.0010193679918450561,0.4944034658511723,1.001019367991845,0.00132663251783894,0.002686034658511723,0.4944034658511723,1.001019367991845
359,0.0,0.845,0.155,0.296,1,0.0,0,0,0.0,0.0,0.296,1.0,0.0004933333333333334,0.0016666666666666668,0.296,1.0
360,0.0,0.738,0.262,0.4939,1,0.0,0,0,0.0,0.0,0.4939,1.0,0.0008231666666666667,0.0016666666666666668,0.4939,1.0
361,0.0,0.862,0.138,0.34,1,-0.13333333333333333,0,0,0.0,0.0,0.34,1.0,0.0005666666666666667,0.0016666666666666668,0.34,1.0
362,0.0,1.0,0.0,0.0,0,0.0,0,0,0.0,0.0,0.0,1.0,0.0,0.0016666666666666668,0.0,1.0
363,0.0,1.0,0.0,0.0,0,-0.05,0,0,0.0,0.0,0.0,1.0,0.0,0.0016666666666666668,0.0,1.0
364,0.0,0.92,0.08,0.2732,1,-0.025,0,0,0.0,0.0,0.2732,1.0,0.00045533333333333336,0.0016666666666666668,0.2732,1.0
365,0.092,0.69,0.218,0.4939,1,0.8,0,0,0.0,0.0,0.4939,1.0,0.0008231666666666667,0.0016666666666666668,0.4939,1.0
366,0.081,0.722,0.196,0.4648,1,0.0,0,0,0.0,0.0,0.4648,1.0,0.0007746666666666667,0.0016666666666666668,0.4648,1.0
367,0.0,0.714,0.286,0.8225,1,0.5333333333333333,0,0,0.0,0.0,0.8225,1.0,0.0013708333333333335,0.0016666666666666668,0.8225,1.0
368,0.087,0.707,0.207,0.4939,1,0.8,0,0,0.0,0.0,0.4939,1.0,0.0008231666666666667,0.0016666666666666668,0.4939,1.0
369,0.0,1.0,0.0,0.0,0,0.0,0,0,0.0,0.0,0.0,1.0,0.0,0.0016666666666666668,0.0,1.0
370,0.0,1.0,0.0,0.0,0,0.03409090909090909,0,0,0.0,0.0,0.0,1.0,0.0,0.0016666666666666668,0.0,1.0
371,0.0,0.833,0.167,0.296,1,0.0,0,0,0.0,0.0,0.296,1.0,0.0004933333333333334,0.0016666666666666668,0.296,1.0
372,0.054,0.87,0.076,0.1531,1,0.0,0,0,0.0,0.0,0.1531,1.0,0.0002551666666666667,0.0016666666666666668,0.1531,1.0
373,0.0,0.862,0.138,0.34,1,-0.13333333333333333,1,0,0.0003465851172273191,0.0010193679918450561,0.3403465851172274,1.001019367991845,0.0009132517838939859,0.002686034658511723,0.3403465851172274,1.001019367991845
374,0.0,0.833,0.167,0.296,1,0.0,0,0,0.0,0.0,0.296,1.0,0.0004933333333333334,0.0016666666666666668,0.296,1.0
375,0.0,1.0,0.0,0.0,0,0.0,0,0,0.0,0.0,0.0,1.0,0.0,0.0016666666666666668,0.0,1.0
376,0.0,0.83,0.17,0.6249,1,0.8,0,0,0.0,0.0,0.6249,1.0,0.0010415,0.0016666666666666668,0.6249,1.0
377,0.0,1.0,0.0,0.0,0,0.0,0,0,0.0,0.0,0.0,1.0,0.0,0.0016666666666666668,0.0,1.0
378,0.0,1.0,0.0,0.0,0,0.0,0,0,0.0,0.0,0.0,1.0,0.0,0.0016666666666666668,0.0,1.0
379,0.0,0.874,0.126,0.0772,1,0.0,0,0,0.0,0.0,0.0772,1.0,0.00012866666666666669,0.0016666666666666668,0.0772,1.0
380,0.087,0.707,0.207,0.4939,1,0.8,0,0,0.0,0.0,0.4939,1.0,0.0008231666666666667,0.0016666666666666668,0.4939,1.0
381,0.0,0.862,0.138,0.34,1,-0.13333333333333333,0,1,0.0003465851172273191,0.0010193679918450561,0.3403465851172274,1.001019367991845,0.0009132517838939859,0.002686034658511723,0.3403465851172274,1.001019367991845
382,0.0,0.921,0.079,0.2023,1,0.3181818181818182,0,0,0.0,0.0,0.2023,1.0,0.0003371666666666667,0.0016666666666666668,0.2023,1.0
383,0.08,0.803,0.117,0.25,1,0.0,0,0,0.0,0.0,0.25,1.0,0.0004166666666666667,0.0016666666666666668,0.25,1.0
384,0.0,1.0,0.0,0.0,0,-0.35,0,0,0.0,0.0,0.0,1.0,0.0,0.0016666666666666668,0.0,1.0
385,0.154,0.846,0.0,-0.7096,-1,0.5,0,0,-0.0,0.0,-0.7096,1.0,-0.0011826666666666667,0.0016666666666666668,-0.7096,1.0
386,0.0,1.0,0.0,0.0,0,-0.3,0,0,0.0,0.0,0.0,1.0,0.0,0.0016666666666666668,0.0,1.0
387,0.0,0.714,0.286,0.4939,1,0.0,0,0,0.0,0.0,0.4939,1.0,0.0008231666666666667,0.0016666666666666668,0.4939,1.0
388,0.0,0.862,0.138,0.34,1,-0.13333333333333333,0,0,0.0,0.0,0.34,1.0,0.0005666666666666667,0.0016666666666666668,0.34,1.0
389,0.0,1.0,0.0,0.0,0,0.0,0,2,0.0,0.0020387359836901123,0.0,1.0020387359836902,0.0,0.003705402650356779,0.0,1.0020387359836902
390,0.0,0.784,0.216,0.5267,1,-0.3,0,0,0.0,0.0,0.5267,1.0,0.0008778333333333333,0.0016666666666666668,0.5267,1.0
391,0.0,0.902,0.098,0.0772,1,0.0,0,0,0.0,0.0,0.0772,1.0,0.00012866666666666669,0.0016666666666666668,0.0772,1.0
392,0.0,0.742,0.258,0.6808,1,0.0,2,4,0.004163914373088684,0.0061162079510703364,0.6849639143730887,1.0061162079510704,0.005298581039755352,0.007782874617737003,0.6849639143730887,1.0061162079510704
393,0.0,1.0,0.0,0.0,0,-0.08333333333333333,0,2,0.0,0.0020387359836901123,0.0,1.0020387359836902,0.0,0.003705402650356779,0.0,1.0020387359836902
394,0.0,0.888,0.112,0.34,1,0.06818181818181818,0,0,0.0,0.0,0.34,1.0,0.0005666666666666667,0.0016666666666666668,0.34,1.0
395,0.0,1.0,0.0,0.0,0,0.25,2,4,0.0,0.0061162079510703364,0.0,1.0061162079510704,0.0,0.007782874617737003,0.0,1.0061162079510704
396,0.0,1.0,0.0,0.0,0,0.0,0,0,0.0,0.0,0.0,1.0,0.0,0.0016666666666666668,0.0,1.0
397,0.0,1.0,0.0,0.0,0,0.0,0,0,0.0,0.0,0.0,1.0,0.0,0.0016666666666666668,0.0,1.0
398,0.0,0.833,0.167,0.34,1,0.0,0,0,0.0,0.0,0.34,1.0,0.0005666666666666667,0.0016666666666666668,0.34,1.0
399,0.0,1.0,0.0,0.0,0,-0.35,0,0,0.0,0.0,0.0,1.0,0.0,0.0016666666666666668,0.0,1.0
400,0.0,0.876,0.124,0.4019,1,-0.07777777777777779,0,0,0.0,0.0,0.4019,1.0,0.0006698333333333334,0.0016666666666666668,0.4019,1.0
401,0.202,0.715,0.083,-0.2525,-1,0.3,0,0,-0.0,0.0,-0.2525,1.0,-0.0004208333333333334,0.0016666666666666668,-0.2525,1.0
402,0.0,1.0,0.0,0.0,0,0.0,1,4,0.0,0.0050968399592252805,0.0,1.0050968399592253,0.0,0.0067635066258919475,0.0,1.0050968399592253
403,0.0,1.0,0.0,0.0,0,0.0,10,23,0.0,0.03363914373088685,0.0,1.033639143730887,0.0,0.03530581039755351,0.0,1.033639143730887
404,0.0,0.863,0.137,0.4019,1,-0.07777777777777779,6,14,0.008193679918450561,0.020387359836901122,0.4100936799184505,1.020387359836901,0.008863513251783894,0.02205402650356779,0.4100936799184505,1.020387359836901
405,0.0,1.0,0.0,0.0,0,-0.4,0,0,0.0,0.0,0.0,1.0,0.0,0.0016666666666666668,0.0,1.0
406,0.092,0.69,0.218,0.4939,1,0.8,0,0,0.0,0.0,0.4939,1.0,0.0008231666666666667,0.0016666666666666668,0.4939,1.0
407,0.73,0.27,0.0,-0.4019,-1,0.0,0,6,-0.002458103975535168,0.0061162079510703364,-0.4043581039755352,1.0061162079510704,-0.0031279373088685014,0.007782874617737003,-0.4043581039755352,1.0061162079510704
408,0.0,0.813,0.187,0.5574,1,-0.03333333333333333,0,0,0.0,0.0,0.5574,1.0,0.000929,0.0016666666666666668,0.5574,1.0
409,0.098,0.671,0.232,0.4939,1,0.8,0,0,0.0,0.0,0.4939,1.0,0.0008231666666666667,0.0016666666666666668,0.4939,1.0
410,0.0,0.93,0.07,0.2023,1,0.5,0,0,0.0,0.0,0.2023,1.0,0.0003371666666666667,0.0016666666666666668,0.2023,1.0
411,0.0,0.876,0.124,0.34,1,-0.13333333333333333,0,0,0.0,0.0,0.34,1.0,0.0005666666666666667,0.0016666666666666668,0.34,1.0
412,0.098,0.671,0.232,0.4939,1,0.8,0,1,0.0005034658511722732,0.0010193679918450561,0.4944034658511723,1.001019367991845,0.00132663251783894,0.002686034658511723,0.4944034658511723,1.001019367991845
413,0.092,0.69,0.218,0.4939,1,0.8,0,0,0.0,0.0,0.4939,1.0,0.0008231666666666667,0.0016666666666666668,0.4939,1.0
414,0.0,0.826,0.174,0.6114,1,0.3333333333333333,0,0,0.0,0.0,0.6114,1.0,0.0010190000000000002,0.0016666666666666668,0.6114,1.0
415,0.0,0.874,0.126,0.0772,1,0.0,0,0,0.0,0.0,0.0772,1.0,0.00012866666666666669,0.0016666666666666668,0.0772,1.0
416,0.09,0.824,0.086,-0.0258,0,0.25,0,0,-0.0,0.0,-0.0258,1.0,-4.3e-05,0.0016666666666666668,-0.0258,1.0
417,0.0,0.775,0.225,0.4404,1,0.35,0,0,0.0,0.0,0.4404,1.0,0.0007340000000000001,0.0016666666666666668,0.4404,1.0
418,0.063,0.787,0.15,0.4939,1,0.8,0,0,0.0,0.0,0.4939,1.0,0.0008231666666666667,0.0016666666666666668,0.4939,1.0
419,0.0,0.876,0.124,0.34,1,-0.13333333333333333,0,0,0.0,0.0,0.34,1.0,0.0005666666666666667,0.0016666666666666668,0.34,1.0
420,0.0,1.0,0.0,0.0,0,-0.3,0,0,0.0,0.0,0.0,1.0,0.0,0.0016666666666666668,0.0,1.0
421,0.0,1.0,0.0,0.0,0,0.0,0,2,0.0,0.0020387359836901123,0.0,1.0020387359836902,0.0,0.003705402650356779,0.0,1.0020387359836902
422,0.092,0.69,0.218,0.4939,1,0.8,0,0,0.0,0.0,0.4939,1.0,0.0008231666666666667,0.0016666666666666668,0.4939,1.0
423,0.0,0.826,0.174,0.6114,1,0.3333333333333333,0,0,0.0,0.0,0.6114,1.0,0.0010190000000000002,0.0016666666666666668,0.6114,1.0
424,0.0,0.813,0.187,0.5574,1,-0.03333333333333333,4,10,0.007954740061162079,0.014271151885830785,0.565354740061162,1.0142711518858307,0.008883740061162078,0.01593781855249745,0.565354740061162,1.0142711518858307
425,0.0,0.891,0.109,0.296,1,-0.05,0,0,0.0,0.0,0.296,1.0,0.0004933333333333334,0.0016666666666666668,0.296,1.0
426,0.0,0.862,0.138,0.34,1,-0.13333333333333333,0,1,0.0003465851172273191,0.0010193679918450561,0.3403465851172274,1.001019367991845,0.0009132517838939859,0.002686034658511723,0.3403465851172274,1.001019367991845
427,0.087,0.707,0.207,0.4939,1,0.025000000000000022,0,0,0.0,0.0,0.4939,1.0,0.0008231666666666667,0.0016666666666666668,0.4939,1.0
428,0.0,0.876,0.124,0.4019,1,-0.07777777777777779,0,0,0.0,0.0,0.4019,1.0,0.0006698333333333334,0.0016666666666666668,0.4019,1.0
429,0.0,1.0,0.0,0.0,0,0.0,0,0,0.0,0.0,0.0,1.0,0.0,0.0016666666666666668,0.0,1.0
430,0.0,1.0,0.0,0.0,0,0.0,1,4,0.0,0.0050968399592252805,0.0,1.0050968399592253,0.0,0.0067635066258919475,0.0,1.0050968399592253
431,0.0,0.855,0.145,0.296,1,0.0,0,0,0.0,0.0,0.296,1.0,0.0004933333333333334,0.0016666666666666668,0.296,1.0
432,0.0,1.0,0.0,0.0,0,0.0,0,0,0.0,0.0,0.0,1.0,0.0,0.0016666666666666668,0.0,1.0
433,0.0,0.758,0.242,0.4939,1,0.0,0,0,0.0,0.0,0.4939,1.0,0.0008231666666666667,0.0016666666666666668,0.4939,1.0
434,0.0,0.764,0.236,0.6427,1,0.03125,0,0,0.0,0.0,0.6427,1.0,0.0010711666666666669,0.0016666666666666668,0.6427,1.0
435,0.0,0.876,0.124,0.34,1,-0.13333333333333333,0,0,0.0,0.0,0.34,1.0,0.0005666666666666667,0.0016666666666666668,0.34,1.0
436,0.0,1.0,0.0,0.0,0,0.05,0,0,0.0,0.0,0.0,1.0,0.0,0.0016666666666666668,0.0,1.0
437,0.0,0.714,0.286,0.4939,1,0.0,3,0,0.0015103975535168195,0.0030581039755351682,0.4954103975535168,1.003058103975535,0.0023335642201834862,0.004724770642201835,0.4954103975535168,1.003058103975535
438,0.0,0.758,0.242,0.4939,1,0.0,0,0,0.0,0.0,0.4939,1.0,0.0008231666666666667,0.0016666666666666668,0.4939,1.0
439,0.0,0.902,0.098,0.0772,1,0.0,0,0,0.0,0.0,0.0772,1.0,0.00012866666666666669,0.0016666666666666668,0.0772,1.0
440,0.0,1.0,0.0,0.0,0,0.0,0,1,0.0,0.0010193679918450561,0.0,1.001019367991845,0.0,0.002686034658511723,0.0,1.001019367991845
441,0.087,0.707,0.207,0.4939,1,0.8,0,0,0.0,0.0,0.4939,1.0,0.0008231666666666667,0.0016666666666666668,0.4939,1.0
442,0.0,0.87,0.13,0.34,1,-0.13333333333333333,0,0,0.0,0.0,0.34,1.0,0.0005666666666666667,0.0016666666666666668,0.34,1.0
443,0.0,1.0,0.0,0.0,0,0.0,0,0,0.0,0.0,0.0,1.0,0.0,0.0016666666666666668,0.0,1.0
444,0.183,0.765,0.052,-0.6486,-1,-0.15000000000000002,0,0,-0.0,0.0,-0.6486,1.0,-0.001081,0.0016666666666666668,-0.6486,1.0
445,0.0,0.758,0.242,0.4939,1,0.0,0,0,0.0,0.0,0.4939,1.0,0.0008231666666666667,0.0016666666666666668,0.4939,1.0
446,0.054,0.87,0.076,0.1531,1,0.0,0,0,0.0,0.0,0.1531,1.0,0.0002551666666666667,0.0016666666666666668,0.1531,1.0
447,0.0,0.862,0.138,0.34,1,-0.13333333333333333,1,1,0.0006931702344546382,0.0020387359836901123,0.34069317023445467,1.0020387359836902,0.0012598369011213048,0.003705402650356779,0.34069317023445467,1.0020387359836902
448,0.0,0.862,0.138,0.34,1,-0.13333333333333333,0,0,0.0,0.0,0.34,1.0,0.0005666666666666667,0.0016666666666666668,0.34,1.0
449,0.0,0.738,0.262,0.4939,1,0.0,0,0,0.0,0.0,0.4939,1.0,0.0008231666666666667,0.0016666666666666668,0.4939,1.0
450,0.0,1.0,0.0,0.0,0,0.0,0,0,0.0,0.0,0.0,1.0,0.0,0.0016666666666666668,0.0,1.0
451,0.0,1.0,0.0,0.0,0,-0.3,0,0,0.0,0.0,0.0,1.0,0.0,0.0016666666666666668,0.0,1.0
452,0.0,1.0,0.0,0.0,0,-0.16666666666666666,0,0,0.0,0.0,0.0,1.0,0.0,0.0016666666666666668,0.0,1.0
453,0.0,0.877,0.123,0.4215,1,0.18409090909090908,2,9,0.004726299694189602,0.011213047910295617,0.4262262996941896,1.0112130479102956,0.005428799694189602,0.012879714576962284,0.4262262996941896,1.0112130479102956
454,0.202,0.715,0.083,-0.2525,-1,0.3,0,0,-0.0,0.0,-0.2525,1.0,-0.0004208333333333334,0.0016666666666666668,-0.2525,1.0
455,0.0,1.0,0.0,0.0,0,0.0,0,0,0.0,0.0,0.0,1.0,0.0,0.0016666666666666668,0.0,1.0
456,0.0,0.663,0.337,0.6808,1,0.4,0,0,0.0,0.0,0.6808,1.0,0.0011346666666666666,0.0016666666666666668,0.6808,1.0
457,0.0,1.0,0.0,0.0,0,0.0,0,0,0.0,0.0,0.0,1.0,0.0,0.0016666666666666668,0.0,1.0
458,0.0,0.813,0.187,0.5574,1,-0.03333333333333333,0,0,0.0,0.0,0.5574,1.0,0.000929,0.0016666666666666668,0.5574,1.0
459,0.0,0.902,0.098,0.0772,1,0.0,0,0,0.0,0.0,0.0772,1.0,0.00012866666666666669,0.0016666666666666668,0.0772,1.0
460,0.0,1.0,0.0,0.0,0,0.0,0,0,0.0,0.0,0.0,1.0,0.0,0.0016666666666666668,0.0,1.0
461,0.0,1.0,0.0,0.0,0,-0.35,0,0,0.0,0.0,0.0,1.0,0.0,0.0016666666666666668,0.0,1.0
462,0.0,1.0,0.0,0.0,0,0.0,0,0,0.0,0.0,0.0,1.0,0.0,0.0016666666666666668,0.0,1.0
463,0.0,0.783,0.217,0.7264,1,0.1125,0,0,0.0,0.0,0.7264,1.0,0.0012106666666666667,0.0016666666666666668,0.7264,1.0
464,0.0,1.0,0.0,0.0,0,0.0,0,0,0.0,0.0,0.0,1.0,0.0,0.0016666666666666668,0.0,1.0
465,0.0,1.0,0.0,0.0,0,-0.3,0,0,0.0,0.0,0.0,1.0,0.0,0.0016666666666666668,0.0,1.0
466,0.0,1.0,0.0,0.0,0,0.0,0,1,0.0,0.0010193679918450561,0.0,1.001019367991845,0.0,0.002686034658511723,0.0,1.001019367991845
467,0.0,0.939,0.061,0.0772,1,0.0,0,0,0.0,0.0,0.0772,1.0,0.00012866666666666669,0.0016666666666666668,0.0772,1.0
468,0.0,0.862,0.138,0.34,1,-0.13333333333333333,0,0,0.0,0.0,0.34,1.0,0.0005666666666666667,0.0016666666666666668,0.34,1.0
469,0.0,1.0,0.0,0.0,0,-0.35,0,0,0.0,0.0,0.0,1.0,0.0,0.0016666666666666668,0.0,1.0
470,0.0,1.0,0.0,0.0,0,0.0,0,0,0.0,0.0,0.0,1.0,0.0,0.0016666666666666668,0.0,1.0
471,0.0,0.902,0.098,0.0772,1,0.0,0,0,0.0,0.0,0.0772,1.0,0.00012866666666666669,0.0016666666666666668,0.0772,1.0
472,0.092,0.69,0.218,0.4939,1,0.8,0,0,0.0,0.0,0.4939,1.0,0.0008231666666666667,0.0016666666666666668,0.4939,1.0
473,0.0,0.813,0.187,0.5574,1,-0.03333333333333333,0,0,0.0,0.0,0.5574,1.0,0.000929,0.0016666666666666668,0.5574,1.0
474,0.0,1.0,0.0,0.0,0,0.0,0,0,0.0,0.0,0.0,1.0,0.0,0.0016666666666666668,0.0,1.0
475,0.0,0.882,0.118,0.34,1,-0.13333333333333333,0,0,0.0,0.0,0.34,1.0,0.0005666666666666667,0.0016666666666666668,0.34,1.0
476,0.0,0.874,0.126,0.3818,1,0.0,0,0,0.0,0.0,0.3818,1.0,0.0006363333333333334,0.0016666666666666668,0.3818,1.0
477,0.0,0.862,0.138,0.34,1,-0.13333333333333333,4,2,0.0020795107033639145,0.0061162079510703364,0.34207951070336395,1.0061162079510704,0.0026461773700305813,0.007782874617737003,0.34207951070336395,1.0061162079510704
478,0.0,1.0,0.0,0.0,0,0.0,0,0,0.0,0.0,0.0,1.0,0.0,0.0016666666666666668,0.0,1.0
479,0.0,1.0,0.0,0.0,0,-0.1878787878787879,1,2,0.0,0.0030581039755351682,0.0,1.003058103975535,0.0,0.004724770642201835,0.0,1.003058103975535
480,0.0,1.0,0.0,0.0,0,0.0,1,1,0.0,0.0020387359836901123,0.0,1.0020387359836902,0.0,0.003705402650356779,0.0,1.0020387359836902
481,0.0,0.876,0.124,0.34,1,-0.13333333333333333,0,0,0.0,0.0,0.34,1.0,0.0005666666666666667,0.0016666666666666668,0.34,1.0
482,0.068,0.769,0.162,0.4939,1,0.8,0,0,0.0,0.0,0.4939,1.0,0.0008231666666666667,0.0016666666666666668,0.4939,1.0
483,0.0,0.714,0.286,0.7655,1,-0.16666666666666666,0,1,0.0007803261977573905,0.0010193679918450561,0.7662803261977574,1.001019367991845,0.0020561595310907236,0.002686034658511723,0.7662803261977574,1.001019367991845
484,0.0,0.833,0.167,0.34,1,0.0,0,0,0.0,0.0,0.34,1.0,0.0005666666666666667,0.0016666666666666668,0.34,1.0
485,0.0,0.854,0.146,0.34,1,-0.13333333333333333,0,0,0.0,0.0,0.34,1.0,0.0005666666666666667,0.0016666666666666668,0.34,1.0
486,0.0,0.909,0.091,0.296,1,-0.05,0,0,0.0,0.0,0.296,1.0,0.0004933333333333334,0.0016666666666666668,0.296,1.0
487,0.0,0.92,0.08,0.0772,1,0.5,0,0,0.0,0.0,0.0772,1.0,0.00012866666666666669,0.0016666666666666668,0.0772,1.0
488,0.0,0.833,0.167,0.4588,1,0.3125,0,0,0.0,0.0,0.4588,1.0,0.0007646666666666666,0.0016666666666666668,0.4588,1.0
489,0.0,0.744,0.256,0.6369,1,0.5,0,0,0.0,0.0,0.6369,1.0,0.0010615000000000002,0.0016666666666666668,0.6369,1.0
490,0.0,1.0,0.0,0.0,0,0.10497835497835499,0,2,0.0,0.0020387359836901123,0.0,1.0020387359836902,0.0,0.003705402650356779,0.0,1.0020387359836902
491,0.0,0.917,0.083,0.2023,1,0.3181818181818182,3,25,0.005774108053007136,0.02854230377166157,0.20807410805300716,1.0285423037716617,0.006111274719673802,0.030208970438328236,0.20807410805300716,1.0285423037716617
492,0.082,0.722,0.196,0.4939,1,0.8,3,0,0.0015103975535168195,0.0030581039755351682,0.4954103975535168,1.003058103975535,0.0023335642201834862,0.004724770642201835,0.4954103975535168,1.003058103975535
493,0.0,0.862,0.138,0.34,1,-0.13333333333333333,0,0,0.0,0.0,0.34,1.0,0.0005666666666666667,0.0016666666666666668,0.34,1.0
494,0.0,0.714,0.286,0.4939,1,0.0,0,0,0.0,0.0,0.4939,1.0,0.0008231666666666667,0.0016666666666666668,0.4939,1.0
495,0.0,1.0,0.0,0.0,0,0.2,0,0,0.0,0.0,0.0,1.0,0.0,0.0016666666666666668,0.0,1.0
496,0.0,0.876,0.124,0.4019,1,-0.125,1,0,0.00040968399592252803,0.0010193679918450561,0.40230968399592254,1.001019367991845,0.0010795173292558614,0.002686034658511723,0.40230968399592254,1.001019367991845
497,0.0,0.826,0.174,0.6114,1,0.3333333333333333,0,0,0.0,0.0,0.6114,1.0,0.0010190000000000002,0.0016666666666666668,0.6114,1.0
498,0.07,0.93,0.0,-0.128,-1,0.0,0,0,-0.0,0.0,-0.128,1.0,-0.00021333333333333336,0.0016666666666666668,-0.128,1.0
499,0.0,0.761,0.239,0.5267,1,-0.3,1,1,0.001073802242609582,0.0020387359836901123,0.5277738022426096,1.0020387359836902,0.0019516355759429153,0.003705402650356779,0.5277738022426096,1.0020387359836902
500,0.0,0.876,0.124,0.4019,1,-0.07777777777777779,0,0,0.0,0.0,0.4019,1.0,0.0006698333333333334,0.0016666666666666668,0.4019,1.0
501,0.0,1.0,0.0,0.0,0,0.0,0,0,0.0,0.0,0.0,1.0,0.0,0.0016666666666666668,0.0,1.0
502,0.07,0.93,0.0,-0.128,-1,0.0,0,0,-0.0,0.0,-0.128,1.0,-0.00021333333333333336,0.0016666666666666668,-0.128,1.0
503,0.0,1.0,0.0,0.0,0,0.0,0,0,0.0,0.0,0.0,1.0,0.0,0.0016666666666666668,0.0,1.0
504,0.0,1.0,0.0,0.0,0,0.0,0,0,0.0,0.0,0.0,1.0,0.0,0.0016666666666666668,0.0,1.0
505,0.0,1.0,0.0,0.0,0,0.13636363636363635,0,0,0.0,0.0,0.0,1.0,0.0,0.0016666666666666668,0.0,1.0
506,0.098,0.671,0.232,0.4939,1,0.8,0,0,0.0,0.0,0.4939,1.0,0.0008231666666666667,0.0016666666666666668,0.4939,1.0
507,0.0,0.921,0.079,0.2023,1,0.3181818181818182,0,0,0.0,0.0,0.2023,1.0,0.0003371666666666667,0.0016666666666666668,0.2023,1.0
508,0.0,0.92,0.08,0.2732,1,-0.025,0,0,0.0,0.0,0.2732,1.0,0.00045533333333333336,0.0016666666666666668,0.2732,1.0
509,0.185,0.815,0.0,-0.3612,-1,0.16,0,1,-0.0003681957186544343,0.0010193679918450561,-0.36156819571865445,1.001019367991845,-0.0009701957186544343,0.002686034658511723,-0.36156819571865445,1.001019367991845
510,0.098,0.671,0.232,0.4939,1,0.8,0,0,0.0,0.0,0.4939,1.0,0.0008231666666666667,0.0016666666666666668,0.4939,1.0
511,0.0,1.0,0.0,0.0,0,0.0,0,0,0.0,0.0,0.0,1.0,0.0,0.0016666666666666668,0.0,1.0
512,0.153,0.729,0.118,-0.0711,-1,0.27714285714285714,0,0,-0.0,0.0,-0.0711,1.0,-0.00011850000000000001,0.0016666666666666668,-0.0711,1.0
513,0.0,0.876,0.124,0.34,1,-0.13333333333333333,5,8,0.004505606523955148,0.013251783893985729,0.3445056065239551,1.0132517838939856,0.005072273190621815,0.014918450560652396,0.3445056065239551,1.0132517838939856
514,0.098,0.671,0.232,0.4939,1,0.8,0,0,0.0,0.0,0.4939,1.0,0.0008231666666666667,0.0016666666666666668,0.4939,1.0
515,0.0,1.0,0.0,0.0,0,0.0,0,0,0.0,0.0,0.0,1.0,0.0,0.0016666666666666668,0.0,1.0
516,0.0,0.884,0.116,0.1779,1,0.0,0,0,0.0,0.0,0.1779,1.0,0.0002965,0.0016666666666666668,0.1779,1.0
517,0.0,0.916,0.084,0.2732,1,0.0,0,0,0.0,0.0,0.2732,1.0,0.00045533333333333336,0.0016666666666666668,0.2732,1.0
518,0.0,0.876,0.124,0.34,1,-0.13333333333333333,0,0,0.0,0.0,0.34,1.0,0.0005666666666666667,0.0016666666666666668,0.34,1.0
519,0.0,1.0,0.0,0.0,0,-0.4,0,0,0.0,0.0,0.0,1.0,0.0,0.0016666666666666668,0.0,1.0
520,0.0,0.795,0.205,0.4767,1,0.0,1,0,0.00048593272171253827,0.0010193679918450561,0.47718593272171256,1.001019367991845,0.0012804327217125384,0.002686034658511723,0.47718593272171256,1.001019367991845
521,0.0,0.818,0.182,0.4588,1,0.3125,3,9,0.005612232415902141,0.012232415902140673,0.4644122324159022,1.0122324159021407,0.006376899082568807,0.01389908256880734,0.4644122324159022,1.0122324159021407
522,0.0,0.905,0.095,0.296,1,-0.4,0,0,0.0,0.0,0.296,1.0,0.0004933333333333334,0.0016666666666666668,0.296,1.0
523,0.0,1.0,0.0,0.0,0,0.0,0,0,0.0,0.0,0.0,1.0,0.0,0.0016666666666666668,0.0,1.0
524,0.0,1.0,0.0,0.0,0,-0.35,0,0,0.0,0.0,0.0,1.0,0.0,0.0016666666666666668,0.0,1.0
525,0.0,0.877,0.123,0.4215,1,0.18409090909090908,0,0,0.0,0.0,0.4215,1.0,0.0007025,0.0016666666666666668,0.4215,1.0
526,0.0,0.853,0.147,0.4767,1,0.0,0,0,0.0,0.0,0.4767,1.0,0.0007945000000000001,0.0016666666666666668,0.4767,1.0
527,0.0,0.876,0.124,0.34,1,-0.13333333333333333,0,0,0.0,0.0,0.34,1.0,0.0005666666666666667,0.0016666666666666668,0.34,1.0
528,0.0,1.0,0.0,0.0,0,-0.3,0,0,0.0,0.0,0.0,1.0,0.0,0.0016666666666666668,0.0,1.0
529,0.0,1.0,0.0,0.0,0,0.0,2,41,0.0,0.04383282364933741,0.0,1.0438328236493375,0.0,0.045499490316004074,0.0,1.0438328236493375
530,0.0,0.874,0.126,0.0772,1,0.0,0,0,0.0,0.0,0.0772,1.0,0.00012866666666666669,0.0016666666666666668,0.0772,1.0
531,0.0,1.0,0.0,0.0,0,0.0,0,0,0.0,0.0,0.0,1.0,0.0,0.0016666666666666668,0.0,1.0
532,0.0,1.0,0.0,0.0,0,0.0,0,0,0.0,0.0,0.0,1.0,0.0,0.0016666666666666668,0.0,1.0
533,0.098,0.671,0.232,0.4939,1,0.8,0,0,0.0,0.0,0.4939,1.0,0.0008231666666666667,0.0016666666666666668,0.4939,1.0
534,0.0,0.816,0.184,0.4019,1,0.5,1,1,0.0008193679918450561,0.0020387359836901123,0.40271936799184505,1.0020387359836902,0.0014892013251783893,0.003705402650356779,0.40271936799184505,1.0020387359836902
535,0.0,1.0,0.0,0.0,0,0.0,0,0,0.0,0.0,0.0,1.0,0.0,0.0016666666666666668,0.0,1.0
536,0.0,1.0,0.0,0.0,0,-0.3,0,0,0.0,0.0,0.0,1.0,0.0,0.0016666666666666668,0.0,1.0
537,0.0,0.885,0.115,0.296,1,-0.4,0,0,0.0,0.0,0.296,1.0,0.0004933333333333334,0.0016666666666666668,0.296,1.0
538,0.0,0.802,0.198,0.4939,1,0.03333333333333333,0,0,0.0,0.0,0.4939,1.0,0.0008231666666666667,0.0016666666666666668,0.4939,1.0
539,0.0,0.894,0.106,0.0772,1,0.0,0,0,0.0,0.0,0.0772,1.0,0.00012866666666666669,0.0016666666666666668,0.0772,1.0
540,0.0,0.725,0.275,0.5859,1,-0.04375,0,0,0.0,0.0,0.5859,1.0,0.0009765,0.0016666666666666668,0.5859,1.0
541,0.0,1.0,0.0,0.0,0,-0.3,0,0,0.0,0.0,0.0,1.0,0.0,0.0016666666666666668,0.0,1.0
542,0.0,0.818,0.182,0.6114,1,0.3333333333333333,0,0,0.0,0.0,0.6114,1.0,0.0010190000000000002,0.0016666666666666668,0.6114,1.0
543,0.0,1.0,0.0,0.0,0,-0.4,0,0,0.0,0.0,0.0,1.0,0.0,0.0016666666666666668,0.0,1.0
544,0.0,0.906,0.094,0.34,1,0.0,1,2,0.0010397553516819573,0.0030581039755351682,0.34103975535168196,1.003058103975535,0.001606422018348624,0.004724770642201835,0.34103975535168196,1.003058103975535
545,0.0,0.876,0.124,0.34,1,-0.13333333333333333,0,0,0.0,0.0,0.34,1.0,0.0005666666666666667,0.0016666666666666668,0.34,1.0
546,0.0,1.0,0.0,0.0,0,0.0,0,0,0.0,0.0,0.0,1.0,0.0,0.0016666666666666668,0.0,1.0
547,0.0,0.813,0.187,0.5574,1,-0.03333333333333333,0,1,0.0005681957186544343,0.0010193679918450561,0.5579681957186544,1.001019367991845,0.0014971957186544343,0.002686034658511723,0.5579681957186544,1.001019367991845
548,0.0,0.738,0.262,0.4939,1,0.0,0,0,0.0,0.0,0.4939,1.0,0.0008231666666666667,0.0016666666666666668,0.4939,1.0
549,0.092,0.69,0.218,0.4939,1,0.8,0,0,0.0,0.0,0.4939,1.0,0.0008231666666666667,0.0016666666666666668,0.4939,1.0
550,0.0,0.826,0.174,0.6114,1,0.3333333333333333,0,0,0.0,0.0,0.6114,1.0,0.0010190000000000002,0.0016666666666666668,0.6114,1.0
551,0.0,0.876,0.124,0.34,1,-0.13333333333333333,0,0,0.0,0.0,0.34,1.0,0.0005666666666666667,0.0016666666666666668,0.34,1.0
552,0.077,0.923,0.0,-0.128,-1,0.0,5,18,-0.003001019367991845,0.023445463812436288,-0.13100101936799186,1.0234454638124364,-0.0032143527013251782,0.025112130479102955,-0.13100101936799186,1.0234454638124364
553,0.0,1.0,0.0,0.0,0,0.0,6,68,0.0,0.07543323139653414,0.0,1.0754332313965342,0.0,0.0770998980632008,0.0,1.0754332313965342
554,0.0,0.916,0.084,0.2732,1,0.0,0,1,0.0002784913353720693,0.0010193679918450561,0.27347849133537205,1.001019367991845,0.0007338246687054027,0.002686034658511723,0.27347849133537205,1.001019367991845
555,0.0,1.0,0.0,0.0,0,0.0,0,0,0.0,0.0,0.0,1.0,0.0,0.0016666666666666668,0.0,1.0
556,0.0,0.738,0.262,0.4939,1,0.0,0,0,0.0,0.0,0.4939,1.0,0.0008231666666666667,0.0016666666666666668,0.4939,1.0
557,0.0,1.0,0.0,0.0,0,-0.3,0,0,0.0,0.0,0.0,1.0,0.0,0.0016666666666666668,0.0,1.0
558,0.0,0.875,0.125,0.4576,1,0.16111111111111112,0,0,0.0,0.0,0.4576,1.0,0.0007626666666666667,0.0016666666666666668,0.4576,1.0
559,0.0,0.916,0.084,0.2732,1,0.0,8,41,0.013646075433231398,0.04994903160040775,0.2868460754332314,1.0499490316004076,0.01410140876656473,0.05161569826707441,0.2868460754332314,1.0499490316004076
560,0.0,1.0,0.0,0.0,0,-0.3,0,0,0.0,0.0,0.0,1.0,0.0,0.0016666666666666668,0.0,1.0
561,0.098,0.671,0.232,0.4939,1,0.8,0,0,0.0,0.0,0.4939,1.0,0.0008231666666666667,0.0016666666666666668,0.4939,1.0
562,0.098,0.671,0.232,0.4939,1,0.8,0,0,0.0,0.0,0.4939,1.0,0.0008231666666666667,0.0016666666666666668,0.4939,1.0
563,0.0,0.833,0.167,0.5859,1,0.2,0,0,0.0,0.0,0.5859,1.0,0.0009765,0.0016666666666666668,0.5859,1.0
564,0.0,1.0,0.0,0.0,0,0.0,0,0,0.0,0.0,0.0,1.0,0.0,0.0016666666666666668,0.0,1.0
565,0.0,1.0,0.0,0.0,0,-0.1878787878787879,0,0,0.0,0.0,0.0,1.0,0.0,0.0016666666666666668,0.0,1.0
566,0.0,1.0,0.0,0.0,0,-0.4,0,0,0.0,0.0,0.0,1.0,0.0,0.0016666666666666668,0.0,1.0
567,0.0,0.862,0.138,0.34,1,-0.13333333333333333,11,34,0.01559633027522936,0.045871559633027525,0.35559633027522936,1.0458715596330275,0.016162996941896025,0.04753822629969419,0.35559633027522936,1.0458715596330275
568,0.0,1.0,0.0,0.0,0,0.25,0,0,0.0,0.0,0.0,1.0,0.0,0.0016666666666666668,0.0,1.0
569,0.0,1.0,0.0,0.0,0,0.0,0,0,0.0,0.0,0.0,1.0,0.0,0.0016666666666666668,0.0,1.0
570,0.0,0.896,0.104,0.2732,1,-0.2,1,8,0.002506422018348624,0.009174311926605505,0.2757064220183486,1.0091743119266054,0.0029617553516819574,0.010840978593272172,0.2757064220183486,1.0091743119266054
571,0.075,0.748,0.178,0.4939,1,0.4,0,0,0.0,0.0,0.4939,1.0,0.0008231666666666667,0.0016666666666666668,0.4939,1.0
572,0.0,0.888,0.112,0.34,1,-0.06590909090909092,0,0,0.0,0.0,0.34,1.0,0.0005666666666666667,0.0016666666666666668,0.34,1.0
573,0.215,0.785,0.0,-0.4767,-1,0.13333333333333333,0,0,-0.0,0.0,-0.4767,1.0,-0.0007945000000000001,0.0016666666666666668,-0.4767,1.0
574,0.0,1.0,0.0,0.0,0,0.0,0,0,0.0,0.0,0.0,1.0,0.0,0.0016666666666666668,0.0,1.0
575,0.0,0.87,0.13,0.34,1,-0.13333333333333333,0,0,0.0,0.0,0.34,1.0,0.0005666666666666667,0.0016666666666666668,0.34,1.0
576,0.0,0.808,0.192,0.5859,1,0.8,0,0,0.0,0.0,0.5859,1.0,0.0009765,0.0016666666666666668,0.5859,1.0
577,0.183,0.765,0.052,-0.6486,-1,-0.15000000000000002,0,0,-0.0,0.0,-0.6486,1.0,-0.001081,0.0016666666666666668,-0.6486,1.0
578,0.0,0.878,0.122,0.3612,1,0.225,0,0,0.0,0.0,0.3612,1.0,0.0006020000000000001,0.0016666666666666668,0.3612,1.0
579,0.0,1.0,0.0,0.0,0,0.16666666666666666,0,0,0.0,0.0,0.0,1.0,0.0,0.0016666666666666668,0.0,1.0
580,0.0,1.0,0.0,0.0,0,0.0,0,0,0.0,0.0,0.0,1.0,0.0,0.0016666666666666668,0.0,1.0
581,0.0,1.0,0.0,0.0,0,0.0,0,0,0.0,0.0,0.0,1.0,0.0,0.0016666666666666668,0.0,1.0
582,0.0,0.87,0.13,0.34,1,-0.13333333333333333,0,0,0.0,0.0,0.34,1.0,0.0005666666666666667,0.0016666666666666668,0.34,1.0
583,0.0,1.0,0.0,0.0,0,0.0,0,0,0.0,0.0,0.0,1.0,0.0,0.0016666666666666668,0.0,1.0
584,0.0,1.0,0.0,0.0,0,0.0,1,1,0.0,0.0020387359836901123,0.0,1.0020387359836902,0.0,0.003705402650356779,0.0,1.0020387359836902
585,0.0,1.0,0.0,0.0,0,0.0,0,0,0.0,0.0,0.0,1.0,0.0,0.0016666666666666668,0.0,1.0
586,0.0,1.0,0.0,0.0,0,0.0,0,0,0.0,0.0,0.0,1.0,0.0,0.0016666666666666668,0.0,1.0
587,0.0,1.0,0.0,0.0,0,0.0,0,0,0.0,0.0,0.0,1.0,0.0,0.0016666666666666668,0.0,1.0
588,0.0,1.0,0.0,0.0,0,0.24166666666666667,0,0,0.0,0.0,0.0,1.0,0.0,0.0016666666666666668,0.0,1.0
589,0.054,0.87,0.076,0.1531,1,0.0,0,0,0.0,0.0,0.1531,1.0,0.0002551666666666667,0.0016666666666666668,0.1531,1.0
590,0.0,0.876,0.124,0.4019,1,-0.07777777777777779,0,0,0.0,0.0,0.4019,1.0,0.0006698333333333334,0.0016666666666666668,0.4019,1.0
591,0.0,1.0,0.0,0.0,0,0.0,5,8,0.0,0.013251783893985729,0.0,1.0132517838939856,0.0,0.014918450560652396,0.0,1.0132517838939856
592,0.07,0.93,0.0,-0.128,-1,0.0,0,0,-0.0,0.0,-0.128,1.0,-0.00021333333333333336,0.0016666666666666668,-0.128,1.0
593,0.0,1.0,0.0,0.0,0,0.0,0,0,0.0,0.0,0.0,1.0,0.0,0.0016666666666666668,0.0,1.0
594,0.0,1.0,0.0,0.0,0,0.0,0,0,0.0,0.0,0.0,1.0,0.0,0.0016666666666666668,0.0,1.0
595,0.0,0.891,0.109,0.4215,1,0.18409090909090908,0,0,0.0,0.0,0.4215,1.0,0.0007025,0.0016666666666666668,0.4215,1.0
596,0.0,0.862,0.138,0.34,1,-0.13333333333333333,0,0,0.0,0.0,0.34,1.0,0.0005666666666666667,0.0016666666666666668,0.34,1.0
597,0.0,1.0,0.0,0.0,0,-0.4,0,0,0.0,0.0,0.0,1.0,0.0,0.0016666666666666668,0.0,1.0
598,0.098,0.671,0.232,0.4939,1,0.8,2,5,0.003524260958205912,0.007135575942915392,0.49742426095820597,1.0071355759429155,0.004347427624872579,0.008802242609582058,0.49742426095820597,1.0071355759429155
599,0.0,1.0,0.0,0.0,0,-0.3,0,0,0.0,0.0,0.0,1.0,0.0,0.0016666666666666668,0.0,1.0
